cycle_idx,final_stage_name,stage2_rmse,stage2_mae,stage2_p95,stage2_p99,stage2_max_abs,shape_drift_rmse,shape_drift_mae,shape_drift_max_abs,shape_drift_mean_signed,shape_drift_std_signed,stage3b_rmse,stage3b_mae,stage3b_p95,stage3b_p99,stage3b_max_abs,R0_stage3b,thetaZ_l2_norm,thetaZ_max_abs,thetaZ_c0,R0_stage2,stage3a_rmse,stage3a_mae,stage3a_p95,stage3a_p99,stage3a_max_abs,stage3b_available,thetaZ_stage3b_l2_norm,thetaZ_stage3b_max_abs,thetaA_hat_1,thetaA_hat_2,thetaA_hat_3,thetaA_hat_4,thetaA_hat_5,thetaA_hat_6,thetaA_hat_7,Dn_over_Rn2,Dp_over_Rp2,De_over_eps_L1_sq,De_over_eps_L12_intf_sq,De_over_eps_L2_sq,De_over_eps_L23_intf_sq,De_over_eps_L3_sq,thetaB_hat_8,thetaB_hat_9,thetaB_hat_10,thetaB_hat_11
1,stage3b,0.0038966502278447,0.0030928964881797,0.0064080620746295,0.0086890945616789,0.0103984645210037,0.0,0.0,0.0,0.0,0.0,0.0087363462820575,0.0063613958829194,0.0213966916708765,0.0241988829040966,0.0252885426636539,0.0487490804271547,0.8357396931491922,0.8334209327404468,-0.8334209327404468,0.0493249237875528,0.0231705026170824,0.0200906734489975,0.0339084843799003,0.0542204440576792,0.0587199950967325,True,0.8467055871050604,0.844967414346967,0.0011406530735153,0.0011406530735153,1.868600384993801,1.0252403917177326,2.678405668629892,1.0252403917177326,1.868600384993801,0.0011406530735153,0.0011406530735153,1.868600384993801,1.0252403917177326,2.678405668629892,1.0252403917177326,1.868600384993801,0.115729047656609,-0.1157290504791584,0.290070164506337,-0.290070164506337
2,stage3b,0.0051562689830205,0.0041899103142563,0.009187830727497,0.011474155622992,0.0141118944176323,3.985786343254138e+73,1.3965563458751412e+73,1.8883584008396135e+74,1.349616919922582e+70,3.985786114758965e+73,0.0105406051816685,0.0071997218342454,0.0260712767988606,0.0329445054278266,0.0346587182740735,0.0479935324932934,1.137278415032983,1.1337722699880886,-1.1337722699880886,0.0488238981201279,0.0341180709142313,0.0291092042129864,0.0579899128159716,0.0740709875046184,0.0838257681158034,True,1.152911279766414,1.1502785194652616,0.0011378036136053,0.0011378036136053,1.87135405062641,1.0253722905011964,2.6831261875411,1.0253722905011964,1.87135405062641,0.0011378036136053,0.0011378036136053,1.87135405062641,1.0253722905011964,2.6831261875411,1.0253722905011964,1.87135405062641,0.1158254160562343,-0.1158254358170198,0.2910443529688951,-0.2910443529688951
3,stage3b,0.0059109252512158,0.0046386833617307,0.0094727420371982,0.0146924033669708,0.0178743044877177,7.339172693683156e+73,2.571528735070201e+73,3.4769925574089243e+74,2.3967819997143533e+70,7.339172302319963e+73,0.0118344617850954,0.0079477134781194,0.0275503604671507,0.0397252179932011,0.0544134192890179,0.0474843405944931,1.312964431079026,1.309450639089952,-1.309450639089952,0.0484659554557782,0.0362689794068412,0.0308190459960732,0.0667584390557478,0.0775785079727852,0.0782685055191276,True,1.3314221996746052,1.3288205100537485,0.0011479944771785,0.0011479944771785,1.861499905896348,1.0249059707592605,2.666248961870597,1.0249059707592605,1.861499905896348,0.0011479944771785,0.0011479944771785,1.861499905896348,1.0249059707592605,2.666248961870597,1.0249059707592605,1.861499905896348,0.1154922233888933,-0.1154922483483601,0.2875547554287006,-0.2875547554287006
4,stage3b,0.0060368892538469,0.0045566744725494,0.0101140408579554,0.0167783593834701,0.0225638908894394,7.344135230013202e+73,2.5732677902681428e+73,3.479369879159458e+74,2.420828319840986e+70,7.344134831027499e+73,0.0124592909406544,0.0080333981696274,0.0231757919519279,0.0452385655126324,0.0569148366127566,0.0474302712754175,1.4126583648400968,1.4085625691900183,-1.4085625691900183,0.0484096276368318,0.0416398298734384,0.0347381209511098,0.0701451805666044,0.0949248560398889,0.1006271914055827,True,1.430808184198609,1.4277752662380052,0.0011336860929458,0.0011336860929458,1.875393839279096,1.025564166448002,2.690040273432182,1.025564166448002,1.875393839279096,0.0011336860929458,0.0011336860929458,1.875393839279096,1.025564166448002,2.690040273432182,1.025564166448002,1.875393839279096,0.1156687878039814,-0.1156688031256239,0.2924736597110385,-0.2924736597110385
5,stage3b,0.0061932952284423,0.004491377040294,0.0125853364744179,0.0171084665081883,0.0235564309766216,9.9247121865498e+73,3.4774600307246576e+73,4.701868789751817e+74,3.207349366880201e+70,9.924711668293449e+73,0.0160737489272504,0.0092126244096105,0.0397388800837958,0.058067539941567,0.0696678095718878,0.0472250519893365,1.462203874614164,1.457460073763699,-1.457460073763699,0.0483936024822397,0.0445549785086678,0.0376315254555385,0.0675067305471934,0.1044373832237717,0.111345138508893,True,1.4838520785199265,1.4803690465996109,0.0011361680938993,0.0011361680938993,1.872813196328188,1.0254500557908126,2.6856622222761635,1.0254500557908126,1.872813196328188,0.0011361680938993,0.0011361680938993,1.872813196328188,1.0254500557908126,2.6856622222761635,1.0254500557908126,1.872813196328188,0.1159603015849023,-0.1159603014013491,0.2915572831155674,-0.2915572831155674
6,stage3b,0.0066543644358543,0.0047739417908505,0.0123848148442411,0.0200275811061105,0.0266843908348322,8.072926927954295e+73,2.828624891044207e+73,3.824652771360156e+74,2.671134394139826e+70,8.072926486047707e+73,0.0148272584341559,0.0098484372478484,0.0346201112712186,0.0516351402650095,0.0619497036484535,0.0467836367762906,1.5372912737261033,1.531732691571678,-1.531732691571678,0.048126656787856,0.0417577587048022,0.0361653366168139,0.0663394602539237,0.0753669815506458,0.088617070176033,True,1.5623196374858457,1.5582044413884948,0.0011299998531257,0.0011299998531257,1.8790448010557297,1.0257375987696498,2.696285036504065,1.0257375987696498,1.8790448010557297,0.0011299998531257,0.0011299998531257,1.8790448010557297,1.0257375987696498,2.696285036504065,1.0257375987696498,1.8790448010557297,0.1153759572949699,-0.1153759602056667,0.293764864128812,-0.293764864128812
7,stage3b,0.0071829890379075,0.005202369659842,0.0129625078076902,0.0203197742162345,0.0261904141274993,1.4378027051346552e+74,5.0378302608029455e+73,6.811656112438615e+74,4.6552491210943833e+70,1.4378026297719335e+74,0.0164046319487653,0.0111249080727509,0.0366431543350023,0.054542543510226,0.0560581135527928,0.0466578322733005,1.5571107958568642,1.550933477177924,-1.550933477177924,0.0481159712526087,0.0491446564346821,0.0418859781024019,0.0762297292757612,0.1069135101854449,0.1162785773366796,True,1.5842755831211135,1.5797094125011988,0.001131577727754,0.001131577727754,1.8774803629558203,1.0256631388244672,2.693608970475382,1.0256631388244672,1.8774803629558203,0.001131577727754,0.001131577727754,1.8774803629558203,1.0256631388244672,2.693608970475382,1.0256631388244672,1.8774803629558203,0.115264389641074,-0.1152644040330936,0.2932116985470132,-0.2932116985470132
8,stage3b,0.0072044516069893,0.0051941043716613,0.0142136203072236,0.0244772461615322,0.0326635151674143,1.0147419416064529e+74,3.5554941641357444e+73,4.807493032758023e+74,3.3731191203610745e+70,1.0147418855432685e+74,0.0148853795605513,0.0100318796668119,0.0262784433071183,0.0569819499929524,0.0681284963399971,0.0464964463735879,1.6047258381481582,1.598511835518306,-1.598511835518306,0.0479034335064198,0.0512268817872075,0.0423739939098144,0.0793679649022944,0.1220369517696926,0.1401956570045921,True,1.630983841683441,1.6263469456869757,0.0011162452935336,0.0011162452935336,1.8924967356859816,1.0264047262945324,2.7193872262762286,1.0264047262945324,1.8924967356859816,0.0011162452935336,0.0011162452935336,1.8924967356859816,1.0264047262945324,2.7193872262762286,1.0264047262945324,1.8924967356859816,0.1162232893000719,-0.1162232813080204,0.2985065421317432,-0.2985065421317432
9,stage3b,0.007583451949027,0.0055079393969064,0.0147183671007939,0.0212412535191111,0.0279583288778511,1.7164186003885435e+74,6.014055615041384e+73,8.131602452919948e+74,5.549422386874555e+70,1.7164185106782315e+74,0.0178080758581894,0.0120867020636913,0.0395343321004562,0.0578361532219041,0.0580960712099262,0.0463816446457786,1.6254900332784885,1.6186926002294126,-1.6186926002294126,0.0479951011554375,0.0535489708252611,0.0453896030288753,0.0835921771939236,0.1165845730243951,0.1283766381664293,True,1.6555494148928571,1.6506327702660202,0.0011132391574741,0.0011132391574741,1.8955586607664263,1.0265528633981569,2.724621723913253,1.0265528633981569,1.8955586607664263,0.0011132391574741,0.0011132391574741,1.8955586607664263,1.0265528633981569,2.724621723913253,1.0265528633981569,1.8955586607664263,0.1150653865189713,-0.1150654352690786,0.2995864817974999,-0.2995864817974999
10,stage3b,0.0192852029006762,0.0157723883358154,0.0371582897946394,0.0486580867841603,0.0571675141978644,1.1051830177081011e+74,3.872381374037498e+73,5.235562622341052e+74,3.338049698455363e+70,1.1051829672975544e+74,0.0317174130179617,0.0215372796254234,0.0566356632001232,0.0947130019253615,0.1448713291087405,0.0460130649128099,1.6495575638218538,1.643584330957843,-1.643584330957843,0.0479265915074577,0.066420083457752,0.057423204682808,0.0982544483486318,0.1563658122743694,0.1731531258864804,True,1.6857647643558495,1.6816157539143035,0.0011506657781343,0.0011506657781343,1.858939212157203,1.0247858626448436,2.66186347988873,1.0247858626448436,1.858939212157203,0.0011506657781343,0.0011506657781343,1.858939212157203,1.0247858626448436,2.66186347988873,1.0247858626448436,1.858939212157203,0.1112187989616884,-0.1112188133358825,0.2866469792131312,-0.2866469792131312
11,stage3b,0.0092319956100778,0.0064751143496048,0.0188974827686267,0.0281541591247021,0.0376616652357046,1.7397213742819854e+74,6.095704373776515e+73,8.241954463745223e+74,5.588192389890147e+70,1.7397212845322836e+74,0.0189586929039601,0.013938506187165,0.0352942940142553,0.0623996839952628,0.076722087984685,0.0463985632696534,1.674346410652032,1.6679981272511382,-1.6679981272511382,0.0478753503679177,0.0485827089685135,0.0420826708887124,0.0762951873631643,0.0956974276948836,0.0964300096340232,True,1.7020503511808642,1.6972398937922988,0.0010585763221904,0.0010585763221904,1.9543527635557607,1.0294678149745025,2.824953687311996,1.0294678149745025,1.9543527635557607,0.0010585763221904,0.0010585763221904,1.9543527635557607,1.0294678149745025,2.824953687311996,1.0294678149745025,1.9543527635557607,0.1147223156142296,-0.1147223246624612,0.3202205251749283,-0.3202205251749283
12,stage3b,0.0180668470119544,0.0139343895122527,0.0353067051267381,0.0444059974407302,0.0545145856421642,1.5743534031657176e+74,5.5162794866824976e+73,7.458310446471699e+74,4.880214159402134e+70,1.5743533275267574e+74,0.0319761617691134,0.0228920179397586,0.0582089849331466,0.0942484085243867,0.1395452202100223,0.0460251140660096,1.6757817802974104,1.6695318770171474,-1.6695318770171474,0.0478900732159808,0.067501387252582,0.0587513369813379,0.0986357354090303,0.148627403440908,0.1567048303496243,True,1.7114255370261124,1.706862150605711,0.0010688046201314,0.0010688046201314,1.9430953504978967,1.028885824239217,2.805710674410025,1.028885824239217,1.9430953504978967,0.0010688046201314,0.0010688046201314,1.9430953504978967,1.028885824239217,2.805710674410025,1.028885824239217,1.9430953504978967,0.1100854351440813,-0.1100854426509979,0.3162904277687166,-0.3162904277687166
13,stage3b,0.0083299980224273,0.0060179840300864,0.0145198640975692,0.0238646053568755,0.0312345156211515,1.913537979962833e+74,6.704731034842085e+73,9.06553959589191e+74,6.248129693923894e+70,1.9135378779551222e+74,0.0174582406474911,0.0113953773392981,0.0316351066336402,0.0629892639580761,0.090507853057822,0.0461557500815092,1.692096494897124,1.6844077712780283,-1.6844077712780283,0.0479173827209941,0.0538385758639417,0.0461352398355223,0.0875812743724988,0.1138855611730242,0.1202439920237936,True,1.724957232912031,1.7192883619703243,0.0011588155514809,0.0011588155514809,1.8512218138239056,1.0244242611111525,2.648636693425847,1.0244242611111525,1.8512218138239056,0.0011588155514809,0.0011588155514809,1.8512218138239056,1.0244242611111525,2.648636693425847,1.0244242611111525,1.8512218138239056,0.1152143406086493,-0.1152144267723684,0.2839096236540593,-0.2839096236540593
14,stage3b,0.0217086208474389,0.0178168842058921,0.0403041511319288,0.0620642918544155,0.0676802732282431,1.276206398555495e+74,4.4716197081782564e+73,6.045776046609746e+74,3.876009757196673e+70,1.27620633969569e+74,0.0352271992928927,0.0240154791379503,0.066477007443491,0.1056056113941134,0.1494367849980267,0.0457821576574178,1.6995455389709415,1.6929732332935772,-1.6929732332935772,0.0479333032418247,0.0714568476874742,0.0620830689795651,0.1039219510823217,0.169533659446952,0.1843543705864918,True,1.7409316584958947,1.735979404076401,0.0011092476170668,0.0011092476170668,1.8998229870068932,1.026749325564822,2.731863144494642,1.026749325564822,1.8998229870068932,0.0011092476170668,0.0011092476170668,1.8998229870068932,1.026749325564822,2.731863144494642,1.026749325564822,1.8998229870068932,0.1102322672324659,-0.1102322681788134,0.3010941829940549,-0.3010941829940549
15,stage3b,0.0094544940630779,0.0068528170473205,0.016417740946654,0.0251881485743326,0.0334644361188276,1.5269167297445055e+74,5.350072828847695e+73,7.233972606667453e+74,5.0559054725549563e+70,1.5269166460392836e+74,0.0198028959001562,0.0144473844623217,0.0374557934232702,0.0670290107793377,0.0828180677798986,0.0460862721541173,1.7240754109331753,1.7152981263151157,-1.7152981263151157,0.047869387750348,0.0532047915458329,0.0457616484347329,0.089352694454863,0.1074445538171651,0.1137045298164211,True,1.7573905699482275,1.750674558931923,0.0010890794186359,0.0010890794186359,1.9210402944549312,1.0277847318688218,2.768081052623122,1.0277847318688218,1.9210402944549312,0.0010890794186359,0.0010890794186359,1.9210402944549312,1.0277847318688218,2.768081052623122,1.0277847318688218,1.9210402944549312,0.1146838216567717,-0.1146838431293968,0.3085598454738766,-0.3085598454738766
16,stage3b,0.0098183711405461,0.0073695008895969,0.0151908775386528,0.0264121319981359,0.0334552100269098,2.2259945700523103e+74,7.799528965333195e+73,1.0545828854387062e+75,7.269425881114945e+70,2.2259944513535616e+74,0.0192965355922604,0.0136075148176939,0.0377096399308785,0.065465093515684,0.0654691226726162,0.0459997545503744,1.727834271576353,1.7187092552515917,-1.7187092552515917,0.0479033145273346,0.0562924203543522,0.0482920669726806,0.0925703411906702,0.1171673929889969,0.126673507179829,True,1.763341292515954,1.7564401569836208,0.0011410977483463,0.0011410977483463,1.868116052849475,1.025220623566431,2.677590563561389,1.025220623566431,1.868116052849475,0.0011410977483463,0.0011410977483463,1.868116052849475,1.025220623566431,2.677590563561389,1.025220623566431,1.868116052849475,0.1153042571774458,-0.115304336476434,0.2898974743497761,-0.2898974743497761
17,stage3b,0.0103526968739989,0.0080359374402534,0.0166202911051842,0.0261373253336213,0.0325737858054739,2.2559773048978048e+74,7.904582924868319e+73,1.0687794376245735e+75,7.303000792947609e+70,2.2559771866922229e+74,0.0216277294607353,0.016121673445722,0.0411200745044189,0.0698957071651449,0.0830007299344899,0.0460752255402446,1.7373648951692071,1.7281845176292132,-1.7281845176292132,0.0479074275079807,0.0642329570377729,0.0545264213708188,0.0980356515270501,0.1451006530278115,0.164453453586816,True,1.7715326667134674,1.7645655392196702,0.0010914087902243,0.0010914087902243,1.9185675042130208,1.0276619924379484,2.76385720111384,1.0276619924379484,1.9185675042130208,0.0010914087902243,0.0010914087902243,1.9185675042130208,1.0276619924379484,2.76385720111384,1.0276619924379484,1.9185675042130208,0.1148847324730822,-0.1148847727915138,0.3076915095022113,-0.3076915095022113
18,stage3b,0.0165809563456752,0.0129348964131041,0.0220113118045839,0.0543013475202957,0.06201391392935,1.746769658412117e+74,6.120414730172426e+73,8.277582995637722e+74,-6.870473549583863e+70,1.7467695232958227e+74,0.0239882652152047,0.0147060649253179,0.0532389758819817,0.0825006401654306,0.0977194574017066,0.0459089218240704,1.7440630616412365,1.735587792694406,-1.735587792694406,0.0478865092683217,0.0590134201416137,0.0528189494086414,0.0834630375662131,0.1212391299669171,0.1225417540704572,True,1.781144577185113,1.774691535409713,0.00114048927559,0.00114048927559,1.868637233918036,1.0252494965518446,2.6785019518709072,1.0252494965518446,1.868637233918036,0.00114048927559,0.00114048927559,1.868637233918036,1.0252494965518446,2.6785019518709072,1.0252494965518446,1.868637233918036,0.1150677277997948,-0.1150876927876264,0.290080310660604,-0.290080310660604
19,stage3b,0.0108178509633623,0.0082013198273732,0.0179623220016573,0.0270221019012007,0.0329356369853706,2.5277771826336755e+74,8.856925464512955e+73,1.197538540415274e+75,8.125015414573392e+70,2.527777052052789e+74,0.020612084866602,0.0146771964490515,0.0394401200442255,0.0705484990892598,0.0706271527970878,0.0457912799706012,1.753966385322884,1.743807287169174,-1.743807287169174,0.0478687145948847,0.0612780887962945,0.0526380132462948,0.097812056047992,0.1326318015306152,0.1474262766813239,True,1.7927839465962851,1.7851159902196632,0.0011606418594751,0.0011606418594751,1.8495182837862032,1.0243441290462454,2.645713239671404,1.0243441290462454,1.8495182837862032,0.0011606418594751,0.0011606418594751,1.8495182837862032,1.0243441290462454,2.645713239671404,1.0243441290462454,1.8495182837862032,0.1148898002167564,-0.1148897774544089,0.2833052319028555,-0.2833052319028555
20,stage3b,0.0235299587359426,0.0169052345921755,0.043852291410653,0.0777681462716531,0.092409273082306,1.4422363295313806e+74,5.053365383906258e+73,6.832704494235447e+74,4.7051451890173794e+70,1.442236252781158e+74,0.0346028324769096,0.0248490384628978,0.0556027206922112,0.1097333057220758,0.1622956697579394,0.0455584110706688,1.765828532164599,1.75531593955009,-1.75531593955009,0.047915207806907,0.0819527745195098,0.0695251201133869,0.1234531547719873,0.2082143570728963,0.2122228711526186,True,1.810095131378304,1.802550766126353,0.0011124397966162,0.0011124397966162,1.896575291738512,1.0265900423434728,2.726305036969877,1.0265900423434728,1.896575291738512,0.0011124397966162,0.0011124397966162,1.896575291738512,1.0265900423434728,2.726305036969877,1.0265900423434728,1.896575291738512,0.1115362330434656,-0.1115361436643291,0.2999501507279288,-0.2999501507279288
21,stage3b,0.0117624063434177,0.0090561701445693,0.0199467870763634,0.0276394472150227,0.0310760193820285,2.816816523478748e+74,9.869673511588011e+73,1.3344779516170615e+75,9.105412019297291e+70,2.816816376311672e+74,0.0212720194709858,0.0156930325253717,0.0374671129098937,0.072062143661691,0.0841685978000086,0.0457459794486668,1.7645376918028128,1.7537182876935864,-1.7537182876935864,0.047894623264762,0.0636499574842098,0.0546817769589135,0.0996962726674857,0.1364187630790099,0.1557780310536607,True,1.8047884595842325,1.7965338472885468,0.0011097202061672,0.0011097202061672,1.899176625823909,1.0267276488652295,2.73080225048967,1.0267276488652295,1.899176625823909,0.0011097202061672,0.0011097202061672,1.899176625823909,1.0267276488652295,2.73080225048967,1.0267276488652295,1.899176625823909,0.1146911938137186,-0.1146912465335085,0.3008622113849831,-0.3008622113849831
22,stage3b,0.0225507201214938,0.0183377521025637,0.0452283169412721,0.0575885082232822,0.0678128745099961,1.756088103953335e+74,6.153050342107364e+73,8.319450887609498e+74,5.604531350932349e+70,1.756088014519404e+74,0.0334324556799577,0.0227163266337065,0.0629756070167832,0.1079361785621287,0.1500350023039645,0.0455950089794012,1.7700286614442091,1.7601056292243884,-1.7601056292243884,0.0478886584391418,0.0820280501758324,0.0705140910109142,0.1231470350551524,0.183162804478199,0.1910011417861326,True,1.812835749757708,1.8058577482834195,0.0011102443713629,0.0011102443713629,1.8986166060567895,1.026701735538361,2.729851018882059,1.026701735538361,1.8986166060567895,0.0011102443713629,0.0011102443713629,1.8986166060567895,1.026701735538361,2.729851018882059,1.026701735538361,1.8986166060567895,0.1125333003890476,-0.1125332271256001,0.3006642517261638,-0.3006642517261638
23,stage3b,0.0251419943052981,0.0209423353462193,0.0443568052666285,0.0659632028563263,0.0696486667609423,2.1761153124818347e+74,7.62475555008634e+73,1.0309056623711924e+75,6.723187201694441e+70,2.1761152086241782e+74,0.0393498121538972,0.0271015191781967,0.07798556058539,0.1222574164056128,0.1407736531611185,0.0452371512256013,1.7767732627596693,1.7679632796325946,-1.7679632796325946,0.0479150887772019,0.0761676537515692,0.0667834147902738,0.0911905142562976,0.1927224181972004,0.2128447003874936,True,1.8289669568131397,1.8218638355028072,0.0011103358792363,0.0011103358792363,1.8985540243840948,1.0266968093340785,2.729735462159068,1.0266968093340785,1.8985540243840948,0.0011103358792363,0.0011103358792363,1.8985540243840948,1.0266968093340785,2.729735462159068,1.0266968093340785,1.8985540243840948,0.1098344017518487,-0.1098344201429783,0.3006430564895324,-0.3006430564895324
24,stage3b,0.0125677349266226,0.0098266067610297,0.0210779967613363,0.0288676971596047,0.0332717891097746,2.8875636060626117e+74,1.0117560655319884e+74,1.3680022267210535e+75,9.394998925730112e+70,2.8875634532244087e+74,0.021450315258719,0.0159253155925917,0.037742024570872,0.0749743357336428,0.083698845846895,0.0456840439982878,1.7807602151103288,1.7689537956799648,-1.7689537956799648,0.0479211034080408,0.0638454246012118,0.0551887115620896,0.1016236348329955,0.1362343555698662,0.153149322111572,True,1.8225621418247209,1.813462386857412,0.0011379350825887,0.0011379350825887,1.871159995143836,1.025367041827742,2.682811780442952,1.025367041827742,1.871159995143836,0.0011379350825887,0.0011379350825887,1.871159995143836,1.025367041827742,2.682811780442952,1.025367041827742,1.871159995143836,0.1147887922563997,-0.1147888799868143,0.2909741280310142,-0.2909741280310142
25,stage3b,0.0167833943528717,0.0132266169513802,0.0279379206680056,0.0471819618802923,0.0517346685500821,2.0224133299091279e+74,7.08621291669477e+73,9.581346956787698e+74,6.609204431324512e+70,2.0224132219154163e+74,0.0267980204753394,0.0189835047458248,0.0421961635767324,0.0864988192780313,0.1400766959027187,0.0456037957209713,1.79252729899386,1.7803440158654071,-1.7803440158654071,0.0479191943262148,0.0814888732608795,0.0697701054280597,0.1210171967044138,0.1771036203402296,0.2180250167435726,True,1.835639895820212,1.8267732947293644,0.0011663721620466,0.0011663721620466,1.8441634571533376,1.0240957155830148,2.6365339432271377,1.0240957155830148,1.8441634571533376,0.0011663721620466,0.0011663721620466,1.8441634571533376,1.0240957155830148,2.6365339432271377,1.0240957155830148,1.8441634571533376,0.1134663047437852,-0.1134663008014508,0.2814034481276589,-0.2814034481276589
26,stage3b,0.0131079013184979,0.0102989690895457,0.0220193072020449,0.0293761018700484,0.0332252775535006,0.0,0.0,0.0,0.0,0.0,0.0219162413281763,0.0163467731629314,0.0389496224914602,0.0761813998264029,0.0832673422498953,0.0457014395166338,1.788086887082679,1.7757677332377368,-1.7757677332377368,0.0479636509556307,0.063453829800201,0.0550890818213892,0.1025729722518631,0.1342201690386852,0.1492892603905873,True,1.8302953181732076,1.8207264790025148,0.0011342249128438,0.0011342249128438,1.874833323081493,1.0255393327277276,2.689089214508628,1.0255393327277276,1.874833323081493,0.0011342249128438,0.0011342249128438,1.874833323081493,1.0255393327277276,2.689089214508628,1.0255393327277276,1.874833323081493,0.1148637218725537,-0.1148637735832828,0.2922746953747402,-0.2922746953747402
27,stage3b,0.0133668869792133,0.010461761097386,0.0227214096503052,0.0296291533067556,0.033577664143636,6.1932998696335e+72,2.1700305901096438e+72,2.93385318063904e+73,1.797450583145371e+69,6.193299608800928e+72,0.02255807998288,0.016550996182754,0.042873017413007,0.0774920599466197,0.0845171600677614,0.0456042736264,1.7901487113247492,1.777598788218653,-1.777598788218653,0.047952937498697,0.0669848967444727,0.0577193840736063,0.1055398353042686,0.1444928241706315,0.1658662124048961,True,1.8340443450938195,1.824394019283913,0.0011567875997918,0.0011567875997918,1.853095337064598,1.0245139964633847,2.651858208396478,1.0245139964633847,1.853095337064598,0.0011567875997918,0.0011567875997918,1.853095337064598,1.0245139964633847,2.651858208396478,1.0245139964633847,1.853095337064598,0.114717278826314,-0.1147173001861044,0.2845735825901224,-0.2845735825901224
28,stage3b,0.0181998008398859,0.0141475858055876,0.0310775215031746,0.0541876448620181,0.063539517976259,5.120295749934201e+73,1.7940698459428546e+73,2.4257914338622387e+74,-1.6811084711695666e+70,5.120295473961297e+73,0.0273602470549031,0.0185345153039599,0.0532073270936461,0.0992579796627133,0.1086385323585645,0.0456965146990922,1.792591236088242,1.780672712166434,-1.780672712166434,0.0479975527346952,0.0680028273856905,0.0574582383490756,0.0997200752662128,0.1827416432350048,0.1952202524284267,True,1.835341413702364,1.8261132682865044,0.0010600207964782,0.0010600207964782,1.95224523500279,1.0293905130085337,2.8214923896581023,1.0293905130085337,1.95224523500279,0.0010600207964782,0.0010600207964782,1.95224523500279,1.0293905130085337,2.8214923896581023,1.0293905130085337,1.95224523500279,0.1145140706883649,-0.114514103972679,0.319470995980321,-0.319470995980321
29,stage3b,0.0143866609013142,0.0115015123707712,0.0247833113546194,0.0307360511133656,0.0333434377105745,8.107440953556562e+72,2.8407264148890128e+72,3.841917406764919e+73,3.410816658522617e+69,8.10744023608783e+72,0.02233365136132,0.016231794532995,0.0394872803844879,0.0773901149493823,0.0780069057026853,0.0457517315720168,1.789799123265101,1.7766686547112234,-1.7766686547112234,0.0480687677773359,0.0624712501829018,0.0546252517354801,0.1036001616432429,0.1302298315739298,0.1423987128892987,True,1.832906013253556,1.822626108251102,0.0011367080591153,0.0011367080591153,1.8722541143570943,1.0254253020749289,2.684713478478573,1.0254253020749289,1.8722541143570943,0.0011367080591153,0.0011367080591153,1.8722541143570943,1.0254253020749289,2.684713478478573,1.0254253020749289,1.8722541143570943,0.1151210761269805,-0.1151211240689839,0.2913586864909196,-0.2913586864909196
30,stage3b,0.0144674380348157,0.011391106915066,0.024321630277211,0.0317498457859105,0.0365365449306327,7.044686970899443e+73,2.4683449484851788e+73,3.3374110988689407e+74,-2.241039570882492e+70,7.044686614442263e+73,0.0237021155296445,0.0168513993808141,0.0504718562039878,0.0800624387886912,0.0804390573848954,0.0456231425409023,1.8031345804951904,1.7896292681049395,-1.7896292681049395,0.048016644743375,0.0618617258624856,0.0535841725371208,0.1029102761913381,0.1283480584659722,0.1322696969351566,True,1.8478110780080856,1.8372745676282956,0.0011538032282506,0.0011538032282506,1.855869898197154,1.024646831339585,2.656626926923116,1.024646831339585,1.855869898197154,0.0011538032282506,0.0011538032282506,1.855869898197154,1.024646831339585,2.656626926923116,1.024646831339585,1.855869898197154,0.1148174840293855,-0.1148174663618478,0.2855566304898725,-0.2855566304898725
31,stage3b,0.0146256920333455,0.011921638719492,0.0240620398984359,0.03297636407003,0.0394394224282326,1.0173650705302575e+74,3.564682245250956e+73,4.819621232263658e+74,-3.129838714656311e+70,1.0173650223868188e+74,0.0292475440867461,0.0229495774390713,0.058305939031229,0.0745062458352309,0.0868045342059631,0.0457763545283647,1.795336636107511,1.7812660402586056,-1.7812660402586056,0.0480892750629894,0.0773673353355985,0.0655573460789587,0.1134982576561525,0.1737103234332087,0.205546734801544,True,1.8398384059396464,1.827976843760484,0.001104094632068,0.001104094632068,1.9051686016326812,1.02700854924361,2.7409922323250795,1.02700854924361,1.9051686016326812,0.001104094632068,0.001104094632068,1.9051686016326812,1.02700854924361,2.7409922323250795,1.02700854924361,1.9051686016326812,0.1154406982381726,-0.1154407945659857,0.3029775236745529,-0.3029775236745529
32,stage3b,0.0147027271894758,0.011567236577175,0.024842000380469,0.0314237906172942,0.0339471255705696,2.0720285089449978e+73,7.260055033852687e+72,9.81624369475143e+73,6.6395664293557354e+69,2.0720284025665307e+73,0.0234758395805527,0.017272594858094,0.0354696830767,0.0811338965023408,0.0957339226272373,0.0456567946302504,1.80216779471746,1.788300019607402,-1.788300019607402,0.0480784027363258,0.0690181798174167,0.0596790052417878,0.1075805997503172,0.1485522225815904,0.1741807522664209,True,1.8473031398920945,1.8364816615813504,0.0011432477883358,0.0011432477883358,1.8659629754207296,1.0251229584593065,2.67392254717737,1.0251229584593065,1.8659629754207296,0.0011432477883358,0.0011432477883358,1.8659629754207296,1.0251229584593065,2.67392254717737,1.0251229584593065,1.8659629754207296,0.1147641075139787,-0.1147641686174567,0.2891333597169354,-0.2891333597169354
33,stage3b,0.0149555647813325,0.011784526549855,0.0254263239971679,0.0314763427632068,0.0340029403392407,2.914346950988459e+73,1.0211405381634069e+73,1.3806929987446386e+74,9.497083845913326e+69,2.914346796246066e+73,0.0252566606410492,0.0186775763341708,0.0457999135615425,0.0829319147571779,0.0866974288903836,0.0456715695550366,1.8052991326421175,1.79118072768911,-1.79118072768911,0.0481110437405808,0.0696498862721366,0.0601688676248574,0.1089958819524787,0.1501943064500311,0.1776572418007456,True,1.850792868737327,1.8397247276459765,0.0011482008865214,0.0011482008865214,1.861319331039771,1.0248964290906328,2.6659349419926848,1.0248964290906328,1.861319331039771,0.0011482008865214,0.0011482008865214,1.861319331039771,1.0248964290906328,2.6659349419926848,1.0248964290906328,1.861319331039771,0.1146895739365218,-0.1146895818003865,0.2874911558147638,-0.2874911558147638
34,stage3b,0.0154827715133803,0.0107542376490048,0.0227799782949988,0.0502172358858224,0.0675942252408849,6.686025260221772e+73,2.3426791785564388e+73,3.1678549318634154e+74,-2.429769302884177e+70,6.686024818720369e+73,0.0304582199655088,0.0166689734096762,0.0744399166151694,0.1092953458072437,0.140523578765253,0.0464227701928688,1.4190626703189615,1.4184121538886283,-1.4184121538886283,0.0460566270108637,0.0377300880397507,0.0247068745599924,0.0723675843133464,0.1227383690602849,0.1892480103138148,True,1.4113887627738475,1.4105133825946414,0.0011140034714417,0.0011140034714417,1.8949490184052569,1.0265130463146157,2.7235330375037603,1.0265130463146157,1.8949490184052569,0.0011140034714417,0.0011140034714417,1.8949490184052569,1.0265130463146157,2.7235330375037603,1.0265130463146157,1.8949490184052569,0.1132596484884519,-0.1132596427853322,0.2993760010330316,-0.2993760010330316
35,stage3b,0.0049633338925359,0.0033111815269218,0.0090511658404539,0.0173574726390453,0.0231426185718428,3.674766232576448e+74,1.2875791765862192e+74,1.74093517862362e+75,-1.1880321156278813e+71,3.6747660405342527e+74,0.0078442124175858,0.0041915862129854,0.0193066559051815,0.0309174258350903,0.040044369738469,0.0484344581772286,0.6444414081516538,0.6442251726885019,-0.6442251726885019,0.0485794623243776,0.0212555081224024,0.0137120378354021,0.0481026886800077,0.061073261857751,0.0723645944884968,True,0.6475474055039274,0.6474250293836222,0.001123713489928,0.001123713489928,1.8853124981226457,1.026037478542407,2.707006386559426,1.026037478542407,1.8853124981226457,0.001123713489928,0.001123713489928,1.8853124981226457,1.026037478542407,2.707006386559426,1.026037478542407,1.8853124981226457,0.1161207249657009,-0.1161207240564497,0.2959795230763627,-0.2959795230763627
36,stage3b,0.0067907938366105,0.0056245801440004,0.0119012943282214,0.0157215177704632,0.015966719990983,3.518117577758622e+74,1.232691986623918e+74,1.6667208639526038e+75,-1.1363029847281112e+71,3.518117394253597e+74,0.0091441210441013,0.0071907144544062,0.01601785544832,0.0224873590819426,0.0263522499691843,0.0484425865590885,0.5431242400511488,0.5427019376919663,-0.5427019376919663,0.0487661664432301,0.0215809666469444,0.0162856074483744,0.0502819418369323,0.0546998168720191,0.055642140319379,True,0.5500925493733546,0.5497021959537105,0.0011670224376059,0.0011670224376059,1.8435596125398517,1.0240677502476774,2.635498509027043,1.0240677502476774,1.8435596125398517,0.0011670224376059,0.0011670224376059,1.8435596125398517,1.0240677502476774,2.635498509027043,1.0240677502476774,1.8435596125398517,0.1165490641612583,-0.1165490731377971,0.2811889137672144,-0.2811889137672144
37,stage3b,0.0033341062976553,0.0022995095980253,0.0060422565402249,0.0109492915560714,0.0148955580672405,3.58891531399049e+74,1.2574983963418702e+74,1.700263493258842e+75,-1.1607320724156477e+71,3.58891512628768e+74,0.0055850018299053,0.0033397072704261,0.0076090603655198,0.0221817086496625,0.0282226457416677,0.0487414607548385,0.4958939481680797,0.4953285592787405,-0.4953285592787405,0.0489209727634712,0.018244920474757,0.0129552155741583,0.040437540132799,0.0478577965805672,0.0533063188468555,True,0.4996933180677683,0.4992741751244069,0.0011171552825519,0.0011171552825519,1.8919126846230756,1.026355900723057,2.7182962763198897,1.026355900723057,1.8919126846230756,0.0011171552825519,0.0011171552825519,1.8919126846230756,1.026355900723057,2.7182962763198897,1.026355900723057,1.8919126846230756,0.1166118547765136,-0.11661185482341,0.2983090469687182,-0.2983090469687182
38,stage3b,0.0039204034998496,0.0031819645565924,0.0071407024943301,0.0102355479736772,0.0137798487342423,3.627279046937183e+74,1.270940415135858e+74,1.7184365788707295e+75,-1.1715734669397002e+71,3.627278857734146e+74,0.0062900371836037,0.004380815224736,0.0091149403876425,0.0202787603493937,0.0308190431146145,0.0487648161206355,0.4589720631496153,0.4579324662825219,-0.4579324662825219,0.0490340652906418,0.0187637638234875,0.0141573160308653,0.0378867850292374,0.045329971340663,0.0514113913819579,True,0.4645147165412347,0.4637552814657907,0.0011450152949056,0.0011450152949056,1.86435629826929,1.0250410895647544,2.671143763486456,1.0250410895647544,1.86435629826929,0.0011450152949056,0.0011450152949056,1.86435629826929,1.0250410895647544,2.671143763486456,1.0250410895647544,1.86435629826929,0.1162064641108642,-0.1162064682985883,0.2885666500048992,-0.2885666500048992
39,stage3b,0.0034724514226079,0.0028296382884971,0.0056330478054529,0.0097060854076572,0.0133309276038729,3.691375616896565e+74,1.2933987854048996e+74,1.7487983525484091e+75,-1.1888370227014782e+71,3.691375425459327e+74,0.0108738694169966,0.0073197683338019,0.0234253130365631,0.0285107119555891,0.0332342684613307,0.0485508176036434,0.4711959955832931,0.4699361495031515,-0.4699361495031515,0.0488700135326717,0.0197702182456182,0.0151379823018905,0.041321173330325,0.0452044554547966,0.0492701122218439,True,0.4779418373498487,0.4768184306088895,0.0011276886667989,0.0011276886667989,1.881346589343804,1.0258471946201833,2.7002213280542686,1.0258471946201833,1.881346589343804,0.0011276886667989,0.0011276886667989,1.881346589343804,1.0258471946201833,2.7002213280542686,1.0258471946201833,1.881346589343804,0.1161336604419302,-0.1161336113182413,0.2945785621173105,-0.2945785621173105
40,stage3b,0.0045021395063879,0.0033815117039304,0.0085191531186138,0.0138279866854713,0.0168421193845176,3.756950365133571e+74,1.316375209321199e+74,1.7798734193413578e+75,-1.2171950264798978e+71,3.756950167957187e+74,0.0079275547976698,0.0045560617475275,0.0175656699006768,0.0296428369278148,0.0303724007922346,0.048898510839019,0.4257927679690092,0.4250268658551744,-0.4250268658551744,0.0491011697514037,0.0184414478698155,0.013638401261699,0.0368249126223652,0.0466105280861093,0.0566411285206243,True,0.4298455140460531,0.4294346720075563,0.0011407676697137,0.0011407676697137,1.8684671869093148,1.025235405649649,2.6781835164554955,1.025235405649649,1.8684671869093148,0.0011407676697137,0.0011407676697137,1.8684671869093148,1.025235405649649,2.6781835164554955,1.025235405649649,1.8684671869093148,0.116091897221845,-0.1160919008202289,0.2900225064563448,-0.2900225064563448
41,stage3b,0.0028666580284532,0.0022057520664217,0.006107919255391,0.0078846481957034,0.0103293811857924,3.4731652227250194e+74,1.2169413766646272e+74,1.6454217490807875e+75,-1.1195843836905833e+71,3.473165042274458e+74,0.0059949946460057,0.0044556332377671,0.0121845731394519,0.0153013052151174,0.0181152801333639,0.048719702915948,0.4120411015393251,0.4102459331481255,-0.4102459331481255,0.0490871678849088,0.0190872241902589,0.0155188363616201,0.0337413915092865,0.0439949319188968,0.0453755323957434,True,0.4195335595973332,0.4180945091028325,0.0011385387587728,0.0011385387587728,1.870649788875145,1.0253380687280031,2.681916920638989,1.0253380687280031,1.870649788875145,0.0011385387587728,0.0011385387587728,1.870649788875145,1.0253380687280031,2.681916920638989,1.0253380687280031,1.870649788875145,0.1165617823165855,-0.1165617847138605,0.2907954117422595,-0.2907954117422595
42,stage3b,0.002611286797074,0.0019993056131204,0.0042257801768833,0.0077972831643882,0.0106253726815759,3.4323479679447507e+74,1.2026397071928607e+74,1.6260889846136376e+75,-1.1100228405749121e+71,3.4323477884538086e+74,0.0052436159947276,0.0038711459882024,0.0091621260967374,0.0167892191740332,0.0195465633186573,0.0487184566580725,0.4108214077627294,0.4089424070014257,-0.4089424070014257,0.0490631197012849,0.0190828325824037,0.0152630055862797,0.0340857856409697,0.0446000649088947,0.0448169267229398,True,0.4177816387119894,0.4163435917786087,0.001166912272828,0.001166912272828,1.843666138093212,1.0240724295745876,2.6356800174042747,1.0240724295745876,1.843666138093212,0.001166912272828,0.001166912272828,1.843666138093212,1.0240724295745876,2.6356800174042747,1.0240724295745876,1.843666138093212,0.1165731214994593,-0.1165731209403688,0.2812268589494769,-0.2812268589494769
43,stage3b,0.0066855243550992,0.0055735357777152,0.0099897349300473,0.017116038610394,0.0246796464465237,3.8138583278065187e+74,1.3363148818968769e+74,1.8068373751597444e+75,-1.2385735944725392e+71,3.813858126689375e+74,0.0117125745736421,0.0079530773000695,0.0201981476960839,0.0413481387682917,0.0505231627695884,0.0487289795994849,0.3983413538773839,0.3967752142141008,-0.3967752142141008,0.0491035304637247,0.0212707802463939,0.0178358098903881,0.0377393833622849,0.0513302779169093,0.0592099394010066,True,0.4056194248557709,0.4046986269576529,0.0011408055101247,0.0011408055101247,1.868334362042491,1.02523488950385,2.677982161427883,1.02523488950385,1.868334362042491,0.0011408055101247,0.0011408055101247,1.868334362042491,1.02523488950385,2.677982161427883,1.02523488950385,1.868334362042491,0.116207236783748,-0.1162072364428813,0.2899731902713053,-0.2899731902713053
44,stage3b,0.0027034343099203,0.0021479325024868,0.004510701740969,0.0071761094308292,0.0097896992474565,3.381226901860103e+74,1.184727632728242e+74,1.6018623375529415e+75,-1.0872643270953858e+71,3.381226727050221e+74,0.0058435866921015,0.0044993768338347,0.011681011863163,0.015928277619032,0.0161558623765083,0.0487071227363103,0.4033696947438573,0.4010131318402113,-0.4010131318402113,0.0491008956644976,0.0200398364870681,0.0163520199474796,0.0337317951847065,0.0456544292061826,0.046404628530589,True,0.4112573160901288,0.4093990192000023,0.0011411848421334,0.0011411848421334,1.868079568785605,1.0252159966729972,2.677515072287619,1.0252159966729972,1.868079568785605,0.0011411848421334,0.0011411848421334,1.868079568785605,1.0252159966729972,2.677515072287619,1.0252159966729972,1.868079568785605,0.1165687804772539,-0.1165687910882885,0.289885671665655,-0.289885671665655
45,stage3b,0.0061322126047729,0.004841148689759,0.0101152579216378,0.0182422610361994,0.0223041683585061,3.7033234830098417e+74,1.2975852490513815e+74,1.7544715555312659e+75,-1.203246695675729e+71,3.7033232875364163e+74,0.0116534099648579,0.0076286654366633,0.0209827592988176,0.0411150253381389,0.0570172285120043,0.0487678649362765,0.3939699049771724,0.3919681136090122,-0.3919681136090122,0.0491268736687628,0.0214189406724647,0.0178874165085871,0.0345738869572235,0.0527613586560023,0.0635894118652905,True,0.4007153618750544,0.399567588825912,0.001163774643249,0.001163774643249,1.8465822695194325,1.0242078908059054,2.6406811879957246,1.0242078908059054,1.8465822695194325,0.001163774643249,0.001163774643249,1.8465822695194325,1.0242078908059054,2.6406811879957246,1.0242078908059054,1.8465822695194325,0.1159778807442074,-0.1159778806098371,0.2822626271704171,-0.2822626271704171
46,stage3b,0.0025520087808785,0.0021250938466579,0.003910130701787,0.0061848540059032,0.0078389591586233,3.2946561288264007e+74,1.154394679337435e+74,1.5608552610184447e+75,-1.0642299772475792e+71,3.294655956944203e+74,0.0050288943403248,0.0039793513241192,0.0077226227676369,0.0150830221813613,0.0162929211889218,0.0487211162310344,0.40820094481059,0.4056498350321086,-0.4056498350321086,0.0491231229797661,0.0198796138113551,0.0162809457363552,0.0322344413046654,0.0446295255231729,0.0493692144607417,True,0.4161473508153228,0.4141889633224352,0.0011288504887962,0.0011288504887962,1.8801706567461465,1.0257922514175597,2.698215181795445,1.0257922514175597,1.8801706567461465,0.0011288504887962,0.0011288504887962,1.8801706567461465,1.0257922514175597,2.698215181795445,1.0257922514175597,1.8801706567461465,0.1165437144069089,-0.116543714463809,0.2941624957749862,-0.2941624957749862
47,stage3b,0.0026708930478191,0.0021835206925278,0.0039379521156151,0.0065501917320244,0.0086948193466223,3.3556323157008e+74,1.175759772472947e+74,1.5897446319967536e+75,-1.0852186319911108e+71,3.355632140219788e+74,0.0050292522177331,0.0039979089244008,0.0088728825529991,0.0145241767545487,0.0155841223054487,0.048647598895347,0.4185036194783378,0.4158047361826293,-0.4158047361826293,0.049071798795224,0.0205989776604808,0.0169012307976642,0.0335603776565804,0.0457020950803366,0.0508085556581264,True,0.4269033409247538,0.4248238075275672,0.0011457550508327,0.0011457550508327,1.863656539231386,1.02500729834438,2.6699417499641047,1.02500729834438,1.863656539231386,0.0011457550508327,0.0011457550508327,1.863656539231386,1.02500729834438,2.6699417499641047,1.02500729834438,1.863656539231386,0.1165719562492981,-0.116571958954691,0.2883190461921558,-0.2883190461921558
48,stage3b,0.0020972744392531,0.0015928341422132,0.003751924326047,0.0062291061867621,0.0077860951358898,3.1086179452904435e+74,1.0892100155879454e+74,1.472733104535877e+75,-1.0155436474369148e+71,3.108617779408218e+74,0.0088711625816311,0.0056302905894605,0.0215320991817674,0.0294484461238387,0.0310008478209914,0.0486918541558746,0.4261369514816224,0.4234303219905847,-0.4234303219905847,0.049074881873876,0.0191930551228067,0.0154193566830195,0.0314657236538691,0.0414473928567627,0.0439181448184901,True,0.4334750477468506,0.4315716850208639,0.0011474561059796,0.0011474561059796,1.8620295991062696,1.024930119903342,2.667152753979356,1.024930119903342,1.8620295991062696,0.0011474561059796,0.0011474561059796,1.8620295991062696,1.024930119903342,2.667152753979356,1.024930119903342,1.8620295991062696,0.1160561436727969,-0.1160561243339526,0.2877427696209955,-0.2877427696209955
49,stage3b,0.0084485721962554,0.0064953126540873,0.015999090423215,0.0264088334834926,0.0282593321509115,3.924297987105644e+74,1.3750111497575292e+74,1.8591567140447083e+75,-1.2727112242207364e+71,3.924297780725559e+74,0.0111439249777269,0.007653703323583,0.0202246485089954,0.0413629638675914,0.050128431667109,0.0487264214043631,0.4268650343138838,0.4248083778870087,-0.4248083778870087,0.0491805991960476,0.0252259493046881,0.0209396769719143,0.0414439210496263,0.0664237052969527,0.0804706438959798,True,0.4356482929242348,0.4343491336989952,0.0011431053791199,0.0011431053791199,1.8661922176969896,1.0251283082581073,2.6742902784713047,1.0251283082581073,1.8661922176969896,0.0011431053791199,0.0011431053791199,1.8661922176969896,1.0251283082581073,2.6742902784713047,1.0251283082581073,1.8661922176969896,0.1164510661498409,-0.1164510700295861,0.289216740418538,-0.289216740418538
50,stage3b,0.0051564057723064,0.0041220558984706,0.0089267778221988,0.0131371593014364,0.0141038960655404,3.5331024304581903e+74,1.237942460946067e+74,1.6738223363476594e+75,-1.14305038310533e+71,3.5331022455549437e+74,0.0054920667614588,0.0033267276438193,0.0126455708980238,0.0208398819085623,0.0216339489262852,0.0485871773410333,0.4363381513480575,0.4338561122051969,-0.4338561122051969,0.0490498462025977,0.0229818477704439,0.0194628499064582,0.040448152589969,0.0497425889185043,0.0591842349951773,True,0.4455440152765201,0.4436665952974394,0.0011629100762993,0.0011629100762993,1.847389762440988,1.0242453943947976,2.642065563359991,1.0242453943947976,1.847389762440988,0.0011629100762993,0.0011629100762993,1.847389762440988,1.0242453943947976,2.642065563359991,1.0242453943947976,1.847389762440988,0.1165473166958219,-0.1165473146271772,0.2825493904813,-0.2825493904813
51,stage3b,0.0033808332007998,0.002760235183308,0.0060297102296851,0.0081004756895207,0.0102000535363514,3.3520902137361113e+74,1.174518630566371e+74,1.5880616524194347e+75,-1.0801084754523453e+71,3.352090039720158e+74,0.0085926919535242,0.0062706047164056,0.0178044802867548,0.0204433616340436,0.0214543375562836,0.0485894201198386,0.4401294787601937,0.4371824769776804,-0.4371824769776804,0.0490522093394018,0.0222471207230108,0.0185990491229462,0.0345422904144212,0.048494071605335,0.0517319867858008,True,0.4494472003697313,0.447025519148424,0.0011598890939546,0.0011598890939546,1.8502208072010076,1.0243770988877816,2.646918609154464,1.0243770988877816,1.8502208072010076,0.0011598890939546,0.0011598890939546,1.8502208072010076,1.0243770988877816,2.646918609154464,1.0243770988877816,1.8502208072010076,0.1165120536048271,-0.1165120505649248,0.2835545197941769,-0.2835545197941769
52,stage3b,0.0027383901348146,0.0022520825892732,0.0045341781302258,0.0068447484339511,0.0090521962360707,3.307301433074372e+74,1.1588254569626132e+74,1.5668532286067162e+75,-1.073979766004462e+71,3.30730125869768e+74,0.0053989254432446,0.0041647164454348,0.0092688446730163,0.0159378188561963,0.0200489287613029,0.0485962088422877,0.4369746543517608,0.4339690522569003,-0.4339690522569003,0.0490609110991493,0.0219357422133728,0.0181299872803774,0.0337695323010212,0.0485521843689407,0.0541233304344574,True,0.4461584527528204,0.443820330354668,0.0011441541612885,0.0011441541612885,1.865213396607249,1.0250799674410511,2.6726045711233724,1.0250799674410511,1.865213396607249,0.0011441541612885,0.0011441541612885,1.865213396607249,1.0250799674410511,2.6726045711233724,1.0250799674410511,1.865213396607249,0.1165798671931871,-0.1165798620630295,0.2888708594098383,-0.2888708594098383
53,stage3b,0.0028559733973184,0.0023203207682613,0.0044791691615341,0.0069864916557409,0.0090924060629435,3.3001547982532123e+74,1.1563213358433044e+74,1.5634615375468982e+75,-1.0669494473372568e+71,3.3001546257793096e+74,0.0053457535358955,0.0043005562141618,0.0090801193320396,0.0153959360361272,0.0165131653822049,0.0485852865062837,0.4410025258916637,0.4378327616356741,-0.4378327616356741,0.0490602631374244,0.0219513245625679,0.0181191082209311,0.0336291889545334,0.0483971955938458,0.0553134706457122,True,0.4503459465105714,0.4478912083882181,0.0011328539024906,0.0011328539024906,1.87618659291971,1.025603556914719,2.691404270204714,1.025603556914719,1.87618659291971,0.0011328539024906,0.0011328539024906,1.87618659291971,1.025603556914719,2.691404270204714,1.025603556914719,1.87618659291971,0.1165505517623908,-0.1165505518697876,0.2927534078684289,-0.2927534078684289
54,stage3b,0.0030923817579815,0.0025127097780863,0.0047355094988335,0.0078561299606487,0.0105624874219036,3.4565797783087583e+74,1.2111301001272594e+74,1.6375642476809715e+75,-1.1140029364571872e+71,3.4565795987956766e+74,0.0091416527517166,0.0068386694730183,0.019454343089065,0.0228069125805352,0.0242860153620059,0.0485617317958386,0.4442301141406123,0.4410220932590303,-0.4410220932590303,0.0490554158870117,0.0226479509829772,0.0188075923007816,0.0353376346357043,0.0497775956256713,0.0538153451868227,True,0.4541028865458073,0.4514768589167794,0.0011291805617659,0.0011291805617659,1.8798035535031823,1.025777109159847,2.697597770566556,1.025777109159847,1.8798035535031823,0.0011291805617659,0.0011291805617659,1.8798035535031823,1.025777109159847,2.697597770566556,1.025777109159847,1.8798035535031823,0.1163584475348138,-0.1163584448555077,0.2940318246967324,-0.2940318246967324
55,stage3b,0.00841296372184,0.0073116869568413,0.011909024978277,0.0200087502949297,0.022545864542344,3.838502806268155e+74,1.3449499166910384e+74,1.8185132812027933e+75,-1.246938095323225e+71,3.8385026037341555e+74,0.0141527656043105,0.0095197556757824,0.024674181733111,0.0510958628769384,0.0662964825140567,0.0486406386583959,0.4394774313706052,0.437403423633355,-0.437403423633355,0.0491119397621828,0.0247946460803149,0.0211347089187792,0.0419222867883762,0.0608663425043826,0.0689156356088379,True,0.4486653632015261,0.4473125536461336,0.0011549533557781,0.0011549533557781,1.8548523042043412,1.0245948414342163,2.6548632850822798,1.0245948414342163,1.8548523042043412,0.0011549533557781,0.0011549533557781,1.8548523042043412,1.0245948414342163,2.6548632850822798,1.0245948414342163,1.8548523042043412,0.1162841864169201,-0.1162841863354501,0.2851974242843743,-0.2851974242843743
56,stage3b,0.0030061665003201,0.0025055696366617,0.0048489977733002,0.0068733999146365,0.0091339005426641,3.227858930954492e+74,1.1309900592423e+74,1.5292150156006596e+75,-1.0467003642094536e+71,3.227858761247311e+74,0.0055924669865144,0.004532658262756,0.0097888145110319,0.0153314167923399,0.0166466069637826,0.0485656966642866,0.4439264915402688,0.4405383749971094,-0.4405383749971094,0.0490684296838507,0.0227579327304961,0.0188572809586394,0.0347082378616688,0.0493774930027381,0.0568379578960853,True,0.4538044947024387,0.4511803756884546,0.0011497022918495,0.0011497022918495,1.859864201644989,1.0248290509793838,2.663446956038679,1.0248290509793838,1.859864201644989,0.0011497022918495,0.0011497022918495,1.859864201644989,1.0248290509793838,2.663446956038679,1.0248290509793838,1.859864201644989,0.1165736907054301,-0.116573690978981,0.2869749939987433,-0.2869749939987433
57,stage3b,0.0055737394325841,0.0044504582394739,0.0095944564950031,0.0149768650184462,0.0210436905077951,3.5851313758804383e+74,1.2561725955339843e+74,1.6984740793753355e+75,-1.1621247030237682e+71,3.5851311875283643e+74,0.0078989863586103,0.0045058431558196,0.0194159454534986,0.0314795868989115,0.0401845560291914,0.0486333334446916,0.4437069086581851,0.4408121090745991,-0.4408121090745991,0.0491398795288362,0.0232982923949371,0.0194871614057996,0.0379421243298945,0.0555403215564924,0.0567539157752957,True,0.4534846303621705,0.4514620301316097,0.0011592462496474,0.0011592462496474,1.8508165407636323,1.0244053688261603,2.647942055645541,1.0244053688261603,1.8508165407636323,0.0011592462496474,0.0011592462496474,1.8508165407636323,1.0244053688261603,2.647942055645541,1.0244053688261603,1.8508165407636323,0.1165126826535497,-0.1165126846857781,0.2837657806979557,-0.2837657806979557
58,stage3b,0.0029577353954579,0.0024358718516254,0.0047311365448672,0.007079019576325,0.0089282222111592,3.208901961246373e+74,1.1243478336898e+74,1.5202332610123791e+75,-1.039944311275264e+71,3.208901792733248e+74,0.0055966717736031,0.0046651782368514,0.0085113774894652,0.0161633862270694,0.0169435709433826,0.0485944749159826,0.4445140716606194,0.4409547849028656,-0.4409547849028656,0.0490829479985407,0.0223924973847341,0.0185199496798746,0.0340266776860778,0.0492584900058247,0.0582744791134971,True,0.4540003527302214,0.4512136692872355,0.0010677104266264,0.0010677104266264,1.9443120225755968,1.028946984786741,2.807784670971747,1.028946984786741,1.9443120225755968,0.0010677104266264,0.0010677104266264,1.9443120225755968,1.028946984786741,2.807784670971747,1.028946984786741,1.9443120225755968,0.1165481599455127,-0.1165481609747161,0.3167160966873243,-0.3167160966873243
59,stage3b,0.0030965334840946,0.0025909679998392,0.004967472849477,0.0069082027083546,0.0087137974241762,3.209414047408098e+74,1.12452722374306e+74,1.5204719405087455e+75,-1.0369529335310254e+71,3.2094138798897597e+74,0.0060948250320965,0.0049351655859914,0.0113189503312233,0.0147354215584239,0.0172246300124579,0.0486183266550074,0.4481119726961429,0.4444444421896745,-0.4444444421896745,0.0491315188984647,0.023090157462263,0.0192235977590592,0.0351903755435253,0.0498852396366987,0.0581105235154241,True,0.4581685784212754,0.4552686655460749,0.0011202776877023,0.0011202776877023,1.8887496205961665,1.0262037508406046,2.712889206200708,1.0262037508406046,1.8887496205961665,0.0011202776877023,0.0011202776877023,1.8887496205961665,1.0262037508406046,2.712889206200708,1.0262037508406046,1.8887496205961665,0.1165632063402338,-0.1165632087775552,0.2971926957948392,-0.2971926957948392
60,stage3b,0.0066161644352454,0.0053490066642546,0.0131209214009268,0.0146459073013973,0.015430933681474,3.3433260021734583e+74,1.171447901626843e+74,1.583921150103246e+75,-1.086742881698804e+71,3.343325825551417e+74,0.0109927851095039,0.0075348402487718,0.0249507004932935,0.0345435461136596,0.0365738086170424,0.0486209793864635,0.4493676074365698,0.4461545633728576,-0.4461545633728576,0.0490895197612594,0.0251996955857131,0.0218559725433102,0.0426040026848901,0.0489297447109594,0.0551617399840106,True,0.4580801453272103,0.4560240861437479,0.0011524758986221,0.0011524758986221,1.8572353815679676,1.0247046297690992,2.658938470590444,1.0247046297690992,1.8572353815679676,0.0011524758986221,0.0011524758986221,1.8572353815679676,1.0247046297690992,2.658938470590444,1.0247046297690992,1.8572353815679676,0.1158162849948277,-0.1158162879068958,0.2860433414085936,-0.2860433414085936
61,stage3b,0.0032075657420212,0.002723143257333,0.0049403784523763,0.0069203506819286,0.0087261065227736,3.186225062800773e+74,1.1164022096235782e+74,1.5094898077359435e+75,-1.0324117902607708e+71,3.186224895537929e+74,0.0062726307421596,0.0051474008596959,0.0115445070380457,0.0150459474302461,0.017222085279501,0.048601972510754,0.4526270341274749,0.4487883380193003,-0.4487883380193003,0.0491329474060443,0.0235608866085743,0.0196727790960762,0.0355832165614011,0.0507498298188817,0.0593538252873585,True,0.4630094891025398,0.4599672202935317,0.0011206975918622,0.0011206975918622,1.8883178876858453,1.0261834886301304,2.712153191194595,1.0261834886301304,1.8883178876858453,0.0011206975918622,0.0011206975918622,1.8883178876858453,1.0261834886301304,2.712153191194595,1.0261834886301304,1.8883178876858453,0.1165660552869495,-0.1165660571747613,0.2970401042240282,-0.2970401042240282
62,stage3b,0.0078566969445026,0.0065002434398651,0.0156293426923216,0.0180428213766291,0.0187507828467402,3.539122304428347e+74,1.2400518099528282e+74,1.6766828336140169e+75,-1.152008207509894e+71,3.5391221169351166e+74,0.0162292973801147,0.0117259730432531,0.0366625220144606,0.0422769591577422,0.0428359035567963,0.0487093703484449,0.4524668979095343,0.4493265639392148,-0.4493265639392148,0.0490898425871203,0.0276380098338764,0.0237894843396376,0.0470215221560499,0.0572328727243028,0.0593534641761992,True,0.4593047878883061,0.4573457633896348,0.0011102254854314,0.0011102254854314,1.89896285315069,1.0266986049913445,2.730353871484089,1.0266986049913445,1.89896285315069,0.0011102254854314,0.0011102254854314,1.89896285315069,1.0266986049913445,2.730353871484089,1.0266986049913445,1.89896285315069,0.1154289797296499,-0.1154289491639182,0.300794539507055,-0.300794539507055
63,stage3b,0.0030858898087799,0.0025335943122091,0.005160485945678,0.0070661491762328,0.0085330214459094,3.135264893215572e+74,1.0985466073534583e+74,1.4853497621202234e+75,-1.0180138628654288e+71,3.1352647279420964e+74,0.0055916341307605,0.0045753705961085,0.0110800411180798,0.0159740840985116,0.016993769737202,0.0485036074776828,0.4572662537295165,0.453275926104112,-0.453275926104112,0.049063785472416,0.0232430238470061,0.0192877776373134,0.0353772528094955,0.0508263545382054,0.0621971477897984,True,0.4681191240114473,0.4650814265227732,0.0011499124753995,0.0011499124753995,1.8596719048103636,1.0248194951465792,2.663115180253344,1.0248194951465792,1.8596719048103636,0.0011499124753995,0.0011499124753995,1.8596719048103636,1.0248194951465792,2.663115180253344,1.0248194951465792,1.8596719048103636,0.1164801436477011,-0.1164801420405137,0.2869070258297331,-0.2869070258297331
64,stage3b,0.0032168181825766,0.002666528520067,0.0053654609674003,0.0070319741679262,0.008009057459389,3.114156594802313e+74,1.0911505772903452e+74,1.4753473557373987e+75,-1.0094074452237212e+71,3.11415643121012e+74,0.0064259864735385,0.0051008024548954,0.0100865776098757,0.0196152939697981,0.0267948298998709,0.0485221092637547,0.459720479635423,0.4556576144448156,-0.4556576144448156,0.0490574962590469,0.0232766541683814,0.0193357185501556,0.0355796395147929,0.0507307866709918,0.0627906950422828,True,0.4700278535446951,0.4668916137940442,0.0010820979182117,0.0010820979182117,1.9285798076050944,1.0281564417187328,2.780938934302556,1.0281564417187328,1.9285798076050944,0.0010820979182117,0.0010820979182117,1.9285798076050944,1.0281564417187328,2.780938934302556,1.0281564417187328,1.9285798076050944,0.1165218514028673,-0.1165218496538122,0.3112066627701998,-0.3112066627701998
65,stage3b,0.0032451223443454,0.0027891392926091,0.0051605818973336,0.0070367466738162,0.0083007682814812,3.129685097722421e+74,1.0965913913280183e+74,1.482690652984101e+75,-1.0037283037524668e+71,3.1296849367684427e+74,0.006643639238981,0.0054087769560781,0.0125116295582144,0.015014408326075,0.0180692268526114,0.0485864377956113,0.461219007367783,0.4570996401750345,-0.4570996401750345,0.0491450310639026,0.0243210289509263,0.0203480263363112,0.0366920529000119,0.052072514977356,0.0612522193790072,True,0.4721260195680087,0.4688392213352405,0.0011218421272414,0.0011218421272414,1.88717144371972,1.0261279930029463,2.710191062250694,1.0261279930029463,1.88717144371972,0.0011218421272414,0.0011218421272414,1.88717144371972,1.0261279930029463,2.710191062250694,1.0261279930029463,1.88717144371972,0.116548629519552,-0.1165486246382468,0.2966354990759889,-0.2966354990759889
66,stage3b,0.0031773916972529,0.0026781221585417,0.0051957667464243,0.0071395699029279,0.0085824645683763,3.1214151561247616e+74,1.0936938707014907e+74,1.4787873084561575e+75,-1.0126115120064968e+71,3.121414991875206e+74,0.0065580957116166,0.0054926958393846,0.0117505364460807,0.0162191766098028,0.0185590793122868,0.0485737328698299,0.4618629984794987,0.4576859846450068,-0.4576859846450068,0.0491166399853975,0.0241767529829506,0.0201596594852609,0.0369893202646636,0.0521535709052299,0.0617479253208369,True,0.4724041746445831,0.4690391937563722,0.0010523468586902,0.0010523468586902,1.9615567973288772,1.0298272544179508,2.8371966860335247,1.0298272544179508,1.9615567973288772,0.0010523468586902,0.0010523468586902,1.9615567973288772,1.0298272544179508,2.8371966860335247,1.0298272544179508,1.9615567973288772,0.1166077832884116,-0.1166077759295079,0.3227372914578892,-0.3227372914578892
67,stage3b,0.0093981569767532,0.0079333993708602,0.014825313755891,0.0239982409942825,0.0264801259571955,3.73464996625485e+74,1.3085615407618442e+74,1.7693119570293959e+75,-1.212873038119539e+71,3.734649769307203e+74,0.0148736575433373,0.0105643889381293,0.0295862560508563,0.0496019420794025,0.054398382572929,0.0485642490106415,0.4599072520198562,0.4568008217422033,-0.4568008217422033,0.0491059274471372,0.027496566620562,0.0235172126586472,0.045405038528501,0.0665994845243115,0.0761672976465201,True,0.4700694063289051,0.4681102329405583,0.0011438370108844,0.0011438370108844,1.865515388118013,1.0250944912619644,2.673122929907407,1.0250944912619644,1.865515388118013,0.0011438370108844,0.0011438370108844,1.865515388118013,1.0250944912619644,2.673122929907407,1.0250944912619644,1.865515388118013,0.1160156716389165,-0.1160156764170653,0.2889777260544794,-0.2889777260544794
68,stage3b,0.0032518424464596,0.0027768535694772,0.005557442167451,0.0070094680926019,0.0076039487643438,3.059440797382255e+74,1.0719789730613911e+74,1.4494184209654276e+75,-9.860439862701509e+70,3.059440638483484e+74,0.0062298255619282,0.0052927305358799,0.0095136962260446,0.0160831312751327,0.0189728326289675,0.0485836440886028,0.4644809053149588,0.4601483492311707,-0.4601483492311707,0.0491244277447609,0.0241532782657958,0.0201136786601475,0.0374185718482854,0.0522926232927388,0.0632135492143134,True,0.4749078711586824,0.4714694756370803,0.0010677104266264,0.0010677104266264,1.9443120225755968,1.028946984786741,2.807784670971747,1.028946984786741,1.9443120225755968,0.0010677104266264,0.0010677104266264,1.9443120225755968,1.028946984786741,2.807784670971747,1.028946984786741,1.9443120225755968,0.1165052093582306,-0.1165052096539463,0.3167160966873243,-0.3167160966873243
69,stage3b,0.0062974998352171,0.0049535760415229,0.0132482236180716,0.017555166667453,0.018209962389202,3.3980311594153233e+74,1.1906156517771466e+74,1.6098316379228847e+75,-1.0992812279223916e+71,3.398030981603644e+74,0.0073598486050155,0.0044084767510088,0.0162909073047778,0.0267395440810055,0.033658228014824,0.0485453828244222,0.4678706092232505,0.464228088792121,-0.464228088792121,0.049118377307095,0.0251660162452835,0.0214015782279318,0.0441187149077001,0.0514809508065819,0.0608233046189358,True,0.4789326048254389,0.4762413143862093,0.0011400276600065,0.0011400276600065,1.869182141272859,1.0252695377206575,2.6794088672568845,1.0252695377206575,1.869182141272859,0.0011400276600065,0.0011400276600065,1.869182141272859,1.0252695377206575,2.6794088672568845,1.0252695377206575,1.869182141272859,0.1164193015170221,-0.1164192970756134,0.2902755141814475,-0.2902755141814475
70,stage3b,0.0091721309777879,0.0077407961117567,0.0133168749020996,0.0250010034444069,0.0260398736715472,3.687377187792754e+74,1.2919979485711224e+74,1.7469195938028532e+75,-1.2002978528711352e+71,3.6873769924350647e+74,0.0206460598295146,0.0138948237548781,0.0448254746230205,0.0675894728618604,0.0751819068755142,0.0486086221244717,0.4691361505380083,0.4658873925084225,-0.4658873925084225,0.0490732207233327,0.0283292593580376,0.0242451732022196,0.0436294373201894,0.0694068998319186,0.0806675978998712,True,0.4775669065741149,0.4756043740451634,0.0011373773674676,0.0011373773674676,1.871779206725037,1.0253919482148712,2.6838516660152245,1.0253919482148712,1.871779206725037,0.0011373773674676,0.0011373773674676,1.871779206725037,1.0253919482148712,2.6838516660152245,1.0253919482148712,1.871779206725037,0.1161402176153604,-0.1161402154134904,0.2911950079433079,-0.2911950079433079
71,stage3b,0.0033348058794026,0.0027643463084749,0.0057326648485397,0.0071782520496091,0.0085365711173216,3.0805922412904176e+74,1.079390105540134e+74,1.4594395992477532e+75,-9.933647880281544e+70,3.0805920811306896e+74,0.0059206606780135,0.0047720966939804,0.0087816512827664,0.0171465445965631,0.0218286370313997,0.0484905375788835,0.4733730916681884,0.4690705802023173,-0.4690705802023173,0.0490769841791542,0.0243705387844397,0.0202866419698409,0.0370097036379456,0.0531111929604014,0.0642586693018595,True,0.4847070537909658,0.4813909954774981,0.0011200863839793,0.0011200863839793,1.8888978368834903,1.0262136321448865,2.7131547547781363,1.0262136321448865,1.8888978368834903,0.0011200863839793,0.0011200863839793,1.8888978368834903,1.0262136321448865,2.7131547547781363,1.0262136321448865,1.8888978368834903,0.1165662211445388,-0.116566236116701,0.2972439780314256,-0.2972439780314256
72,stage3b,0.0034315223420374,0.0029336811671844,0.0056326291797698,0.0069976683304364,0.0081674396235811,3.0885292742230567e+74,1.0821711184026579e+74,1.4632002173713886e+75,-9.962550290838831e+70,3.088529113543974e+74,0.0064257058978925,0.0052496366485927,0.0098114821935004,0.0192244165956194,0.0200179197343606,0.04854068258285,0.4759424571959792,0.4715662606986183,-0.4715662606986183,0.049119242125751,0.0240252748973047,0.0200509241225431,0.0374441932180568,0.0512717905036721,0.0622319647031084,True,0.4871009883220434,0.4836922834188854,0.0011137359630695,0.0011137359630695,1.895382585390481,1.026524174246111,2.724230672127654,1.026524174246111,1.895382585390481,0.0011137359630695,0.0011137359630695,1.895382585390481,1.026524174246111,2.724230672127654,1.026524174246111,1.895382585390481,0.1166150630192505,-0.1166150457086918,0.2995327328484526,-0.2995327328484526
73,stage3b,0.0033140095121765,0.0027386262226532,0.0056908151318025,0.0072067116227106,0.0082901965863512,3.0943555460198524e+74,1.0842125944796659e+74,1.4659651719480651e+75,-1.0019097716492258e+71,3.094355383817545e+74,0.005795232058097,0.004722244034595,0.0105908196624117,0.0163858961084891,0.0194047062396321,0.0484695881295691,0.4795973263510371,0.4752219596340264,-0.4752219596340264,0.049068875538944,0.0245000083766785,0.0204449149704296,0.0375955278414195,0.0526098811709645,0.0653939810337472,True,0.4911647813759602,0.4878137788686263,0.0011426702716354,0.0011426702716354,1.866639504395805,1.0251478718703386,2.6750491516586266,1.0251478718703386,1.866639504395805,0.0011426702716354,0.0011426702716354,1.866639504395805,1.0251478718703386,2.6750491516586266,1.0251478718703386,1.866639504395805,0.1165185444535776,-0.1165185469715119,0.2893757483180322,-0.2893757483180322
74,stage3b,0.0086459865419449,0.0069473955403322,0.0146019887800926,0.0233314894991179,0.0329213894605477,3.576963708073851e+74,1.2533108205063614e+74,1.6946092520452672e+75,-1.1633295530999318e+71,3.576963518900044e+74,0.0144551886207529,0.0102368849743149,0.0294775282640586,0.0436078566660893,0.0513088373037053,0.048532291088369,0.4802042002237982,0.4764698244339761,-0.4764698244339761,0.0490889445743347,0.0281354987403824,0.0241033241039921,0.0446159917299163,0.0636848405402409,0.0650666954965143,True,0.4903509979331604,0.4881084342367081,0.0011645299039925,0.0011645299039925,1.8458821356323265,1.0241751417844869,2.6394796557530427,1.0241751417844869,1.8458821356323265,0.0011645299039925,0.0011645299039925,1.8458821356323265,1.0241751417844869,2.6394796557530427,1.0241751417844869,1.8458821356323265,0.1159742144145898,-0.1159742117927058,0.2820140617444245,-0.2820140617444245
75,stage3b,0.003231336377459,0.0026927300344525,0.005319044274426,0.0069818354387298,0.0080158198587337,3.0571446891698927e+74,1.0711745063742296e+74,1.4483363009130935e+75,-9.898428530840172e+70,3.057144528924141e+74,0.006312322872033,0.0049773230871463,0.0126483164690085,0.0193359408293034,0.0205616003818037,0.0484557544721926,0.4849929177394896,0.4805486015145266,-0.4805486015145266,0.0490655986537339,0.0239955513329757,0.0200158471204908,0.0369089815060609,0.0526091606828178,0.0676365137189759,True,0.4967090038456079,0.4933392129354705,0.0011343149100444,0.0011343149100444,1.874784459217013,1.0255346042658722,2.6889948626087894,1.0255346042658722,1.874784459217013,0.0011343149100444,0.0011343149100444,1.874784459217013,1.0255346042658722,2.6889948626087894,1.0255346042658722,1.874784459217013,0.116428250597908,-0.1164282501067438,0.2922583287372431,-0.2922583287372431
76,stage3b,0.0032914299183244,0.0027362752714597,0.0053415563395829,0.007297625444498,0.0087613639407546,0.0,0.0,0.0,0.0,0.0,0.0060197993088103,0.0049742638552477,0.0088771865307282,0.0170279860919569,0.0218437586922392,0.0484736155375174,0.4882988191645935,0.4839303399821151,-0.4839303399821151,0.0490563093112229,0.0250944046814432,0.0208813307367546,0.0383954214410665,0.0540434412420296,0.0661065210408102,True,0.4995386379091227,0.4961474474366432,0.0010918015044466,0.0010918015044466,1.918187436570205,1.0276408892242077,2.763198266821062,1.0276408892242077,1.918187436570205,0.0010918015044466,0.0010918015044466,1.918187436570205,1.0276408892242077,2.763198266821062,1.0276408892242077,1.918187436570205,0.1165404369103463,-0.1165404310702792,0.3075588360297556,-0.3075588360297556
77,stage3b,0.0034929735427558,0.0028790746560303,0.0062008126647489,0.0075991017830384,0.0078228131839804,7.049453576841213e+72,2.470004373700147e+72,3.3385200251244094e+73,1.3355020873708458e+69,7.049453450337377e+72,0.006025738204412,0.0049426818317197,0.0107325829814213,0.0167327853685228,0.0189775210422072,0.0484195217733498,0.4884416526126475,0.4840471970423185,-0.4840471970423185,0.0490266530856432,0.0244754257017834,0.0203851060799473,0.037391825806456,0.052501424527288,0.0658566677373685,True,0.5001775531618069,0.4968135503257876,0.0011336166516379,0.0011336166516379,1.8753698433854096,1.0255686088007243,2.6900242394198663,1.0255686088007243,1.8753698433854096,0.0011336166516379,0.0011336166516379,1.8753698433854096,1.0255686088007243,2.6900242394198663,1.0255686088007243,1.8753698433854096,0.1164889372934191,-0.1164889353660055,0.2924629839301142,-0.2924629839301142
78,stage3b,0.0107500676632678,0.0089453464731522,0.019695295194831,0.0292216081840661,0.0304510131726215,7.265267972315735e+73,2.5456347036801126e+73,3.442085537936735e+74,-2.458799481597272e+70,7.265267556247458e+73,0.0165705979033365,0.0116076808679669,0.0264532178856964,0.0562924478997454,0.0770287614234119,0.0485400795230872,0.4848127066832267,0.4816086281047657,-0.4816086281047657,0.0491183460641254,0.0307695533487355,0.0259147949673678,0.051447329664344,0.077383961651686,0.0882931855494463,True,0.4956745228519111,0.4936603590640833,0.0011477108833422,0.0011477108833422,1.8616808351706235,1.0249199379606444,2.666583623646444,1.0249199379606444,1.8616808351706235,0.0011477108833422,0.0011477108833422,1.8616808351706235,1.0249199379606444,2.666583623646444,1.0249199379606444,1.8616808351706235,0.1161671517674018,-0.1161671510216829,0.2876167158074979,-0.2876167158074979
79,stage3b,0.0031642820454133,0.002619510353064,0.0056741253711825,0.0072177091182141,0.0084835094083499,7.108461337885877e+72,2.4906835075450307e+72,3.366874283561962e+73,1.66957170885708e+69,7.108461141818853e+72,0.0059750283278526,0.0046088384242409,0.0138428741728983,0.017761538028596,0.0226689579278511,0.0484239600372565,0.4902598598020669,0.4858353286733065,-0.4858353286733065,0.049042813220146,0.0242361199518176,0.020188593331353,0.0370396824048327,0.0538677912753441,0.068038871854739,True,0.5021670391906742,0.4988428145482929,0.0011630198671011,0.0011630198671011,1.8472828641237864,1.024240682519855,2.6418834609465267,1.024240682519855,1.8472828641237864,0.0011630198671011,0.0011630198671011,1.8472828641237864,1.024240682519855,2.6418834609465267,1.024240682519855,1.8472828641237864,0.1165164469487122,-0.1165164438266611,0.2825113317537538,-0.2825113317537538
80,stage3b,0.0034996171087186,0.0029193520102504,0.0060064399202446,0.0073279536476279,0.0078916139639241,1.144569658754172e+73,4.0103846116056125e+72,5.4220177103340527e+73,3.3590658706747297e+69,1.1445696094634904e+73,0.0063337805732506,0.0050699240978533,0.0115933747605718,0.0194793260668242,0.019680628083665,0.0483980733748541,0.4938988335168421,0.4891895645442777,-0.4891895645442777,0.0490399603295453,0.0256885491206509,0.0215403329334455,0.039053633980761,0.055144912715312,0.0692687311582471,True,0.5062790874076616,0.5026788408358362,0.0011582826434329,0.0011582826434329,1.8517107666588128,1.0244478322052537,2.649478235284134,1.0244478322052537,1.8517107666588128,0.0011582826434329,0.0011582826434329,1.8517107666588128,1.0244478322052537,2.649478235284134,1.0244478322052537,1.8517107666588128,0.1165879184349211,-0.1165879153717356,0.2840828584795655,-0.2840828584795655
81,stage3b,0.0036756976621261,0.003047576094712,0.006728504105562,0.0082623297490247,0.0085474231149482,1.3540953519318929e+73,4.744538158661908e+72,6.415666438548853e+73,-4.8222239443289e+69,1.354095266067022e+73,0.0097106101985283,0.0076970233479822,0.0197768296946685,0.022944589864298,0.0232599390136776,0.0484168759909953,0.4956143652081316,0.4908195237432272,-0.4908195237432272,0.0490568423306097,0.0273966082832383,0.0229782637119683,0.0409951265586273,0.0575688379415185,0.0671219391221557,True,0.5081157772176484,0.5042347292141963,0.0010884787068836,0.0010884787068836,1.921662563743088,1.0278167422178002,2.769148534367329,1.0278167422178002,1.921662563743088,0.0010884787068836,0.0010884787068836,1.921662563743088,1.0278167422178002,2.769148534367329,1.0278167422178002,1.921662563743088,0.1163291959867731,-0.116329212472592,0.3087779014903257,-0.3087779014903257
82,stage3b,0.0041547198354514,0.0034237254803695,0.0073199445931882,0.0090593643422012,0.0096144778127429,7.159314966355031e+72,2.508506368039745e+72,3.391440063942322e+73,2.0721813619938313e+69,7.159314666470497e+72,0.0083794436532298,0.0068023591318348,0.0152422573467557,0.0193089476483233,0.0193978139235538,0.0483973482643746,0.4963435841002732,0.4914022846519422,-0.4914022846519422,0.049070007621073,0.0273331083524043,0.0234680622268455,0.0419407008177988,0.0619388905314519,0.069930837485138,True,0.509543235883888,0.505420976938978,0.0010203638382313,0.0010203638382313,1.9991448193168797,1.0317868965478527,2.901220798187,1.0317868965478527,1.9991448193168797,0.0010203638382313,0.0010203638382313,1.9991448193168797,1.0317868965478527,2.901220798187,1.0317868965478527,1.9991448193168797,0.1165541821869295,-0.1165541902237323,0.3357973394073821,-0.3357973394073821
83,stage3b,0.0097932021015009,0.0079956696005456,0.0162122957812976,0.0264234088823634,0.0315870473186838,4.051367416569449e+73,1.4195358219567695e+73,1.9195243370913415e+74,-1.4501757527829673e+70,4.0513671570262415e+73,0.0203309916151079,0.0145768467287717,0.0464179511587019,0.0548656970818896,0.0623152964276892,0.0486140883788496,0.4974135500855391,0.4936177159316735,-0.4936177159316735,0.0490605813076533,0.0312315277546016,0.0271764929214996,0.0488802318333153,0.0696188406325291,0.0730107474786905,True,0.5053017611973714,0.5029616580949471,0.0011207932887428,0.0011207932887428,1.888243829841032,1.026178549742294,2.712020506892705,1.026178549742294,1.888243829841032,0.0011207932887428,0.0011207932887428,1.888243829841032,1.026178549742294,2.712020506892705,1.026178549742294,1.888243829841032,0.1150802218241609,-0.1150802057915167,0.2970144702891732,-0.2970144702891732
84,stage3b,0.0034653310936186,0.0028712822063523,0.0061861675419488,0.0074657868357234,0.0083669032058552,9.793765393335869e+72,3.431571169411863e+72,4.6390632171267817e+73,2.550249286527457e+69,9.793765061299552e+72,0.0061563023702105,0.0049291758524308,0.0126027989646766,0.0171684833517205,0.0178466777115588,0.0484030857059916,0.5020783220780671,0.4973231646657716,-0.4973231646657716,0.0490482885699448,0.0250654303349665,0.0210554985699075,0.0385876706810838,0.0552780010273889,0.0705230995857196,True,0.5144534535107285,0.5108535243743416,0.0011425761725878,0.0011425761725878,1.8667000646433287,1.0251525775220054,2.675161130159769,1.0251525775220054,1.8667000646433287,0.0011425761725878,0.0011425761725878,1.8667000646433287,1.0251525775220054,2.675161130159769,1.0251525775220054,1.8667000646433287,0.1164575338115438,-0.116457535644071,0.2893964901237454,-0.2893964901237454
85,stage3b,0.0033065925682782,0.0028199311530375,0.0051240256889108,0.0076788201711911,0.0084759488357705,1.2149702726664894e+73,4.257054585474936e+72,5.755275596985602e+73,3.3741671780386587e+69,1.2149702258134733e+73,0.006090435276797,0.0048742609316519,0.0119076482600403,0.0175378677998509,0.0217981896188773,0.048429170471978,0.5053497414958399,0.5005456296325149,-0.5005456296325149,0.0490646964653757,0.0257542661314774,0.0215029236446817,0.0396084380826566,0.056312529767201,0.0705947922313876,True,0.517549134258519,0.5138538658457991,0.0011244498072373,0.0011244498072373,1.8845624658945044,1.0260022582597048,2.705726907204817,1.0260022582597048,1.8845624658945044,0.0011244498072373,0.0011244498072373,1.8845624658945044,1.0260022582597048,2.705726907204817,1.0260022582597048,1.8845624658945044,0.1164466160984964,-0.1164466144924098,0.2957143361904062,-0.2957143361904062
86,stage3b,0.0034709223203394,0.0029098322322124,0.0058516925550579,0.007548842440081,0.0083868522862492,1.3045437007847962e+73,4.570901382143391e+72,6.179185551826538e+73,3.3122472481070085e+69,1.3045436587356796e+73,0.0062285202489205,0.0050556111975422,0.0092845175946145,0.0172555970234732,0.022195539671266,0.0484377326461933,0.5088700160232855,0.50397928796591,-0.50397928796591,0.0490737288378032,0.0263977274469674,0.0221460359064444,0.0407828057215071,0.0567568089023041,0.0703101360245891,True,0.5210836726656032,0.5172955949439602,0.0011105334121333,0.0011105334121333,1.8986516042204096,1.0266831888324055,2.7298205959272788,1.0266831888324055,1.8986516042204096,0.0011105334121333,0.0011105334121333,1.8986516042204096,1.0266831888324055,2.7298205959272788,1.0266831888324055,1.8986516042204096,0.1165263472513977,-0.1165263468397929,0.3006849580595835,-0.3006849580595835
87,stage3b,0.0035433386552215,0.0028612524462322,0.0061888689530215,0.0075586554194662,0.0082915236845396,1.607620709765907e+73,5.632834630092666e+72,7.615031023092912e+73,4.29071772082313e+69,1.607620652506571e+73,0.0062830194230625,0.005087481845752,0.0121889942436939,0.0177670308173406,0.0186744688065252,0.0483636836475048,0.5091178080123524,0.5041504428340029,-0.5041504428340029,0.0490469886776334,0.0251064638005527,0.0210789223690974,0.0388438653378441,0.0558294520801908,0.0738617388985074,True,0.5221743322417651,0.5184609266678832,0.0011664822762712,0.0011664822762712,1.8440568822298504,1.0240910317789966,2.636352356276678,1.0240910317789966,1.8440568822298504,0.0011664822762712,0.0011664822762712,1.8440568822298504,1.0240910317789966,2.636352356276678,1.0240910317789966,1.8440568822298504,0.116055497346535,-0.1160555144358973,0.2813654876662353,-0.2813654876662353
88,stage3b,0.0034899329489608,0.0029127199383341,0.0060211461158451,0.007700187207681,0.0085311078247745,1.5215091272833245e+73,5.33111838416859e+72,7.207597987527112e+73,4.43222159272149e+69,1.5215090627270614e+73,0.0062294568058279,0.0050954284609441,0.0130055141024696,0.017483633625823,0.0188516330916315,0.0483919749334463,0.5119889868705801,0.5069931758860546,-0.5069931758860546,0.0490554462007128,0.0259577032734866,0.0217267414732954,0.0402320559931634,0.0566329508571772,0.071413318952945,True,0.5246975447334241,0.5208936174152669,0.0011433212686175,0.0011433212686175,1.8659746774373465,1.025118553030583,2.673920104356575,1.025118553030583,1.8659746774373465,0.0011433212686175,0.0011433212686175,1.8659746774373465,1.025118553030583,2.673920104356575,1.025118553030583,1.8659746774373465,0.1165204128218227,-0.1165204156509664,0.2891394923930327,-0.2891394923930327
89,stage3b,0.0036150374881078,0.0030111992642379,0.0063862505010277,0.0074585573312738,0.0080767691304716,1.6771974709788664e+73,5.87662562845306e+72,7.945207009554143e+73,4.956631841209244e+69,1.6771973977370446e+73,0.0064771067562561,0.0052387235676406,0.0146878555385464,0.0173902488425758,0.0176446878382873,0.048363213048494,0.5143660530852799,0.5092603665962145,-0.5092603665962145,0.0490369047034505,0.0260426205373434,0.0217966423009115,0.0401084377917194,0.057069393464807,0.073402868347017,True,0.5272323841563891,0.5233557328753552,0.001133786309518,0.001133786309518,1.8753084727195424,1.0255592962742603,2.689890589030681,1.0255592962742603,1.8753084727195424,0.001133786309518,0.001133786309518,1.8753084727195424,1.0255592962742603,2.689890589030681,1.0255592962742603,1.8753084727195424,0.1163997854699137,-0.1163997842203956,0.292443769664603,-0.292443769664603
90,stage3b,0.0035252487584129,0.0028048102030437,0.0067835321797474,0.0077092839149512,0.008478326510137,1.570955916605432e+73,5.504371705198648e+72,7.44182229291913e+73,4.5662914221508365e+69,1.5709558502413238e+73,0.0063562596994135,0.0052918345686672,0.0132253316802815,0.0176293470050964,0.0182233936140591,0.0483455245080679,0.5164184350689716,0.511332266797128,-0.511332266797128,0.0490321005050104,0.0268223617138249,0.0225366265707221,0.0415193070882857,0.0580717624908468,0.0720456340209442,True,0.5295862641587402,0.5257197239783702,0.0011545207527417,0.0011545207527417,1.8552710446641028,1.024613918502878,2.6555784951886574,1.024613918502878,1.8552710446641028,0.0011545207527417,0.0011545207527417,1.8552710446641028,1.024613918502878,2.6555784951886574,1.024613918502878,1.8552710446641028,0.1164985904672307,-0.1164985915986496,0.2853461622611374,-0.2853461622611374
91,stage3b,0.0098893619560149,0.0079333855842546,0.0173506460883121,0.0301903314962043,0.0326275239105495,3.485729198576186e+73,1.2213449306352928e+73,1.651516656918354e+74,-1.2390491980662912e+70,3.4857289783578496e+73,0.0166914594847448,0.0110915628801839,0.0309720925613258,0.0565021483476324,0.0740994718813839,0.0485685852360481,0.5183599082579455,0.5142347534846436,-0.5142347534846436,0.0491147203000729,0.0326733349251185,0.0281253077753989,0.0514369044798443,0.0699622977971715,0.0741449940477412,True,0.5282050155033059,0.5256327745572086,0.0011541057171461,0.0011541057171461,1.855630235145048,1.0246327902593988,2.6562033557539237,1.0246327902593988,1.855630235145048,0.0011541057171461,0.0011541057171461,1.855630235145048,1.0246327902593988,2.6562033557539237,1.0246327902593988,1.855630235145048,0.1156665730222532,-0.1156665685290852,0.2854727631069888,-0.2854727631069888
92,stage3b,0.0033846102976809,0.0027133658460967,0.0055797942277772,0.0081276171369128,0.0094820395069514,1.5432304310190168e+73,5.407227946732415e+72,7.310678293743711e+73,4.639034917391122e+69,1.5432303612930545e+73,0.0068403235308099,0.0055171962399616,0.0150967039522714,0.01882529149287,0.0231303268632584,0.0483650304281221,0.5244548431351989,0.5193022706492304,-0.5193022706492304,0.0490194346898223,0.0266349794240653,0.0223186091733756,0.04122255605607,0.058424783048872,0.0729801948647068,True,0.5369198923157459,0.5329709027594353,0.0010890695566519,0.0010890695566519,1.921078288203875,1.0277848795008364,2.768138503403254,1.0277848795008364,1.921078288203875,0.0010890695566519,0.0010890695566519,1.921078288203875,1.0277848795008364,2.768138503403254,1.0277848795008364,1.921078288203875,0.1163950305807794,-0.1163950423463596,0.3085738191747083,-0.3085738191747083
93,stage3b,0.0035400611135596,0.0028490676555928,0.0064977375586148,0.0081261998587784,0.0092470459000278,1.740140266364007e+73,6.0971615636635596e+72,8.24280368730879e+73,4.688772407209192e+69,1.740140203194998e+73,0.006493538433638,0.0051777156012901,0.0143236676678841,0.0185859722568553,0.0222343358827682,0.0483707603059143,0.5249521875094031,0.519748906509899,-0.519748906509899,0.049056594571623,0.0265581799676182,0.0222922175182309,0.0419563558403702,0.0587572817201092,0.0736441301437167,True,0.5380268899944676,0.5340912155363869,0.0011405488145974,0.0011405488145974,1.868697321587237,1.0252452474200855,2.678572830769724,1.0252452474200855,1.868697321587237,0.0011405488145974,0.0011405488145974,1.868697321587237,1.0252452474200855,2.678572830769724,1.0252452474200855,1.868697321587237,0.1164733124050226,-0.116473311255104,0.2901043833788499,-0.2901043833788499
94,stage3b,0.0045732017184116,0.0034896575857028,0.0076587787202408,0.0135150178753678,0.0140837617022048,7.477743061482404e+72,2.620076406652217e+72,3.5420839148094343e+73,2.0001088746771503e+69,7.477742793992898e+72,0.0078360251106524,0.0055248406205435,0.0123975768051011,0.0270532660338479,0.0343122068260653,0.0483013200952067,0.5263279821281295,0.5210436408038503,-0.5210436408038503,0.0490231515490928,0.0278501321269805,0.0230595913942287,0.0447951316936541,0.0664544266147286,0.0724279592331589,True,0.5401608024467949,0.5361203386447534,0.0011185074910961,0.0011185074910961,1.8905401018007884,1.026289862080671,2.715950200322537,1.026289862080671,1.8905401018007884,0.0011185074910961,0.0011185074910961,1.8905401018007884,1.026289862080671,2.715950200322537,1.026289862080671,1.8905401018007884,0.1165531526922194,-0.1165531585174095,0.297824670664262,-0.297824670664262
95,stage3b,0.003902766743177,0.0031938449494255,0.0071727542625894,0.0089731243422949,0.009421663735772,2.407023252141067e+73,8.433813192780269e+72,1.1402238697242796e+74,6.890146770997813e+69,2.407023153525228e+73,0.0067834146370561,0.0055497200359175,0.0103144378807229,0.0181293534653211,0.0251636170959318,0.0483869715153309,0.530276198113079,0.5247095676316821,-0.5247095676316821,0.0490772234458282,0.0281535801757955,0.0234121115452736,0.0444802472031948,0.0584629196883152,0.0746787868310046,True,0.5434011368840969,0.5391681046086885,0.0011568828589819,0.0011568828589819,1.853035523246154,1.024509408370193,2.6517475205500345,1.024509408370193,1.853035523246154,0.0011568828589819,0.0011568828589819,1.853035523246154,1.024509408370193,2.6517475205500345,1.024509408370193,1.853035523246154,0.1165385381219037,-0.1165385385407773,0.2845530622683106,-0.2845530622683106
96,stage3b,0.0036611222265387,0.0029842440164757,0.0061278486208733,0.0082386365544911,0.0099120024064158,1.8390922233790625e+73,6.443876290236349e+72,8.711908576493912e+73,5.25806277909772e+69,1.839092148213651e+73,0.007182927666907,0.0054001219584611,0.0137758321436315,0.0247477716062324,0.0281457454375154,0.0482952247957553,0.5309317732215341,0.5256592691910514,-0.5256592691910514,0.0490036900379744,0.0272574065811865,0.0229653057710974,0.0423842501926677,0.0605728546387581,0.074898781204312,True,0.5444654386420091,0.5404857850716249,0.0011492681661296,0.0011492681661296,1.860296896710608,1.024848345118398,2.664183501182005,1.024848345118398,1.860296896710608,0.0011492681661296,0.0011492681661296,1.860296896710608,1.024848345118398,2.664183501182005,1.024848345118398,1.860296896710608,0.1163788159769092,-0.1163788160307938,0.2871287689385978,-0.2871287689385978
97,stage3b,0.0038560463868186,0.0031459703883708,0.0078396333441153,0.0092192503367583,0.0096005010220731,2.6912274944972944e+73,9.429621110574205e+72,1.2748875856199897e+74,7.964231780309579e+69,2.6912273766533187e+73,0.0069433176202891,0.0053585027357641,0.0168989255268743,0.0198467918180841,0.0221101592566684,0.0483068083558441,0.5305122263381756,0.5251091671342072,-0.5251091671342072,0.0490352334413777,0.0233810226877026,0.0202663967878709,0.038647016285762,0.0467076159079394,0.0502512262294849,True,0.5443907317562483,0.5403352139129556,0.0011563612928198,0.0011563612928198,1.853489558394303,1.0245329250762565,2.6525361550598427,1.0245329250762565,1.853489558394303,0.0011563612928198,0.0011563612928198,1.853489558394303,1.0245329250762565,2.6525361550598427,1.0245329250762565,1.853489558394303,0.1162006298621531,-0.1162006319581361,0.2847132544430136,-0.2847132544430136
98,stage3b,0.0033387865106612,0.0027634099442723,0.0054116274754657,0.0085797503463178,0.0102820476790739,1.7623393421100493e+73,6.1749537112516594e+72,8.349063337421376e+73,5.627189234489979e+69,1.762339252271337e+73,0.0066627680199427,0.0053238622609825,0.0093985152079645,0.019822900350968,0.0262641095394977,0.0484154136967505,0.5366658779525387,0.5311453595817345,-0.5311453595817345,0.0490353796380047,0.0278107813617626,0.0231977339191141,0.0429591478486014,0.0624703416890345,0.0749568289483412,True,0.5484599209752012,0.5441315691430154,0.0011153384581125,0.0011153384581125,1.89362206954226,1.026446838163482,2.7212556170659825,1.026446838163482,1.89362206954226,0.0011153384581125,0.0011153384581125,1.89362206954226,1.026446838163482,2.7212556170659825,1.026446838163482,1.89362206954226,0.1164818176419092,-0.1164818593970694,0.2989088330540977,-0.2989088330540977
99,stage3b,0.0075615753447491,0.0059366836233751,0.011155866200711,0.0203431063740902,0.0316446029425241,2.6328160295430268e+73,9.224978420736136e+72,1.2474474935565063e+74,-9.645592820815484e+69,2.6328158528549048e+73,0.0162818931355755,0.0103685421871099,0.0367394385465387,0.0548507050823436,0.0685076900291036,0.0483687965463569,0.5362647640341418,0.5317902499805459,-0.5317902499805459,0.049029088793376,0.0301706424302694,0.0256660461166882,0.0429163790416989,0.0745866376650828,0.0748571844745604,True,0.5485626051409255,0.545535209028629,0.0011485227005312,0.0011485227005312,1.8610064944140376,1.02488197320699,2.665400235825412,1.02488197320699,1.8610064944140376,0.0011485227005312,0.0011485227005312,1.8610064944140376,1.02488197320699,2.665400235825412,1.02488197320699,1.8610064944140376,0.1162254147791098,-0.1162254165158808,0.2873801823620125,-0.2873801823620125
100,stage3b,0.0036376947057014,0.0030194224728927,0.006246451962852,0.0079377396934032,0.0102817404692187,2.1523196872227806e+73,7.541375833797326e+72,1.0195913726966272e+74,6.3321546598134044e+69,2.15231959407634e+73,0.0065309906429904,0.0051176466308183,0.014283545570726,0.0198054379227414,0.0237626400050475,0.0483180849670522,0.5385342208980441,0.533108098580323,-0.533108098580323,0.0490246194060496,0.0282190121496603,0.0236126054708205,0.0429034799706341,0.0641954665082095,0.0781611542497582,True,0.5520674728530489,0.5479072959376171,0.0011564600071773,0.0011564600071773,1.8534177973909045,1.0245282914777711,2.652407327344516,1.0245282914777711,1.8534177973909045,0.0011564600071773,0.0011564600071773,1.8534177973909045,1.0245282914777711,2.652407327344516,1.0245282914777711,1.8534177973909045,0.1164435259316422,-0.1164435264332516,0.2846882999087162,-0.2846882999087162
101,stage3b,0.0038167073413812,0.0030645328600936,0.0064720338138258,0.008761871920382,0.0113040071161359,2.577284270332997e+73,9.030379434820646e+72,1.2208754165190839e+74,7.349710979559494e+69,2.5772841655361508e+73,0.0073627136720943,0.0056135538782753,0.0176334215160121,0.0211672152278041,0.0239597605150204,0.0482858100111028,0.5423855727218839,0.5367995434479791,-0.5367995434479791,0.0490236273421612,0.0230852217515396,0.0203377032207482,0.0394029474024953,0.0416824438797251,0.0438630353824921,True,0.5563334025759042,0.5521740224956174,0.0011357880622583,0.0011357880622583,1.8733476963612496,1.0254656942568527,2.6865331475480203,1.0254656942568527,1.8733476963612496,0.0011357880622583,0.0011357880622583,1.8733476963612496,1.0254656942568527,2.6865331475480203,1.0254656942568527,1.8733476963612496,0.1163310674581945,-0.1163310666974175,0.2917502799510871,-0.2917502799510871
102,stage3b,0.0111462704886232,0.0093344120298858,0.0189797893308839,0.0297535701483097,0.0340395303070156,4.8358416808459526e+73,1.694403093590387e+73,2.2911790217524253e+74,-1.7093689268167718e+70,4.835841378732856e+73,0.023398865348804,0.0158201127671127,0.0482431035421465,0.0802806900225016,0.086029612095663,0.0484139210741765,0.5429240797448707,0.5385880978844566,-0.5385880978844566,0.0490255489151467,0.0346896870701555,0.0295510028002988,0.0558201576056101,0.0833334091562791,0.0953389120204403,True,0.5538655137526909,0.5512928373392745,0.0011452557177804,0.0011452557177804,1.864054916890216,1.025031044719189,2.670646481351174,1.025031044719189,1.864054916890216,0.0011452557177804,0.0011452557177804,1.864054916890216,1.025031044719189,2.670646481351174,1.025031044719189,1.864054916890216,0.1157600789978186,-0.1157600818743712,0.2884582359429088,-0.2884582359429088
105,stage3b,0.0178003628108837,0.0155179711733197,0.029212287526537,0.0352725291294805,0.0382302297129066,1.0390777004526155e+74,3.64076274173211e+73,4.922784925527254e+74,-3.450217861688591e+70,1.0390776431710302e+74,0.0336751556052414,0.0256393522155066,0.0658803847045801,0.0865069126856033,0.1097136473071322,0.0480822879284089,0.930375938029834,0.9150243641426996,-0.9150243641426996,0.0501259738059459,0.0662952059738092,0.0578184071464268,0.0884957749019907,0.1661699631394851,0.1879846876918778,True,0.9705310568360987,0.9567124421779766,0.0010605020395822,0.0010605020395822,1.9523164243723288,1.0293556259486256,2.821446174398866,1.0293556259486256,1.9523164243723288,0.0010605020395822,0.0010605020395822,1.9523164243723288,1.0293556259486256,2.821446174398866,1.0293556259486256,1.9523164243723288,0.1100787543524505,-0.110078751044353,0.3195126311106534,-0.3195126311106534
106,stage3b,0.0201186405471498,0.0172668364821792,0.030864911205888,0.0415311980788729,0.0524171559679571,1.0390738073360579e+74,3.6407491007507856e+73,4.922766468802329e+74,-3.450194550646673e+70,1.0390737500550318e+74,0.0382155924430961,0.0272155496733766,0.085760534638184,0.1033009584293794,0.1048550557269281,0.0476414934017148,0.9296543110071872,0.9143937868718222,-0.9143937868718222,0.0499319737186518,0.0696367502763139,0.0608397091591084,0.0947087711058969,0.1749573735555145,0.1895745532275494,True,0.9751471153649864,0.9614418387634512,0.0011038527810658,0.0011038527810658,1.9055187513725655,1.0270195183841595,2.7415636840223288,1.0270195183841595,1.9055187513725655,0.0011038527810658,0.0011038527810658,1.9055187513725655,1.0270195183841595,2.7415636840223288,1.0270195183841595,1.9055187513725655,0.1100075532586407,-0.1100075551950027,0.303103154369901,-0.303103154369901
107,stage3b,0.0174912457779872,0.0151874524848609,0.0305346520806704,0.0328086695981724,0.0351840837201953,1.0390767111239356e+74,3.64075927524532e+73,4.922780234636861e+74,-3.4502114294988546e+70,1.0390766538425091e+74,0.03300541994777,0.0241432772017809,0.0649422730641033,0.0976435947012088,0.1205232049172444,0.0478012004525644,0.9256616035518676,0.9092711025118312,-0.9092711025118312,0.0501361734997413,0.0696699887701491,0.0601641611826304,0.0934256490755025,0.1833457542334626,0.1986660838023997,True,0.9714036079448412,0.9569986738744364,0.0011517457483207,0.0011517457483207,1.8578831212615536,1.024737852541696,2.660061167119612,1.024737852541696,1.8578831212615536,0.0011517457483207,0.0011517457483207,1.8578831212615536,1.024737852541696,2.660061167119612,1.024737852541696,1.8578831212615536,0.1102883844788077,-0.1102883936364218,0.2862719306273574,-0.2862719306273574
108,stage3b,0.0175816545314965,0.0153535998446752,0.0302879430136371,0.0319608403845667,0.0323354622186935,1.0390780243282971e+74,3.640763876548447e+73,4.922786460717058e+74,-3.4502195843438505e+70,1.0390779670466724e+74,0.0323880835750821,0.024740342098655,0.0627978697035922,0.0820024119332218,0.1041462470174302,0.0477468307304534,0.9287898175867112,0.9116609161741774,-0.9116609161741774,0.0500597677396881,0.0709649766341953,0.0612815931952271,0.094108361855008,0.1881145775321537,0.2033533490036243,True,0.9740556843597132,0.9589938690057506,0.0011207482857936,0.0011207482857936,1.8881335261371848,1.026182748626315,2.711874037609762,1.026182748626315,1.8881335261371848,0.0011207482857936,0.0011207482857936,1.8881335261371848,1.026182748626315,2.711874037609762,1.026182748626315,1.8881335261371848,0.1102693313779314,-0.1102693305092151,0.2969718309018964,-0.2969718309018964
109,stage3b,0.0179813788046878,0.0158437226515182,0.0295597974115053,0.0328801009937235,0.0364795061045208,1.039078389678658e+74,3.6407651566999246e+73,4.92278819389527e+74,-3.4502226845634205e+70,1.0390783323969504e+74,0.0357997551694953,0.0260789669305343,0.0774128803515123,0.0878280207427998,0.0881561274484319,0.047775147227402,0.932352901924265,0.9147190388784936,-0.9147190388784936,0.0501183104080223,0.0716841526424951,0.0615121396851453,0.095974742378883,0.1994644653842007,0.2075244720656954,True,0.9783419879939927,0.9626234152389964,0.0011090180413542,0.0011090180413542,1.9001217209238503,1.0267600099702023,2.7323567175836234,1.0267600099702023,1.9001217209238503,0.0011090180413542,0.0011090180413542,1.9001217209238503,1.0267600099702023,2.7323567175836234,1.0267600099702023,1.9001217209238503,0.1104661175655115,-0.110466116337624,0.3012009783618508,-0.3012009783618508
110,stage3b,0.0182261550342761,0.0160192870859268,0.031464512126524,0.0326154778989114,0.0327125769261604,1.0390778463684368e+74,3.64076325300422e+73,4.922785617485205e+74,-3.450218888321335e+70,1.0390777890868255e+74,0.032581018438015,0.0250332339906746,0.0612137568036039,0.0815416367750159,0.0985438754157815,0.04760191119828,0.9377094767874052,0.9190032549804752,-0.9190032549804752,0.0500646175990237,0.0753633274564086,0.0656855669456414,0.0994776176632818,0.1985044739358404,0.2164022543953687,True,0.9859671570261732,0.9694862865077482,0.0011163855968402,0.0011163855968402,1.8925322566229812,1.026395714577674,2.719399331511977,1.026395714577674,1.8925322566229812,0.0011163855968402,0.0011163855968402,1.8925322566229812,1.026395714577674,2.719399331511977,1.026395714577674,1.8925322566229812,0.11005999260606,-0.1100599787567512,0.29852377287739,-0.29852377287739
111,stage3b,0.0330511772193182,0.0272515315376647,0.0487255517509124,0.0873117583137547,0.119602681361721,1.03908674547653e+74,3.640794434391378e+73,4.922827812406211e+74,-3.45027673463581e+70,1.0390866881934883e+74,0.0451763998615124,0.0327669461788665,0.087944255398983,0.1257785140501747,0.1352022762655214,0.0478978905331054,0.9674339898407734,0.949850351384804,-0.949850351384804,0.0501530591012023,0.080910023899986,0.0681929832093502,0.1133109276662014,0.2278605341074495,0.2285960614351694,True,1.0127072210791106,0.9958944235337862,0.001094653549763,0.001094653549763,1.9151523542086213,1.027492153546285,2.758019611028349,1.027492153546285,1.9151523542086213,0.001094653549763,0.001094653549763,1.9151523542086213,1.027492153546285,2.758019611028349,1.027492153546285,1.9151523542086213,0.1087367878922992,-0.1087367938499048,0.3064919469796317,-0.3064919469796317
112,stage3b,0.0208574797199661,0.0182595199306748,0.0353465885888007,0.0373623364703508,0.0378525640742495,1.0390845866314203e+74,3.640786870011696e+73,4.922817571097965e+74,-3.450258397020136e+70,1.0390845293488684e+74,0.0345765667941273,0.026954470868735,0.0691220279382519,0.0802822569155089,0.0808369045452872,0.0475394223156262,0.9646687911345628,0.9427844037745644,-0.9427844037745644,0.0501810314757097,0.0807793430077463,0.07038738448896,0.1060520174076266,0.2133629529607896,0.2458866848973424,True,1.0160382612138774,0.99693023855708,0.0011652926821892,0.0011652926821892,1.8451587952244148,1.0241423524991593,2.6382429212420035,1.0241423524991593,1.8451587952244148,0.0011652926821892,0.0011652926821892,1.8451587952244148,1.0241423524991593,2.6382429212420035,1.0241423524991593,1.8451587952244148,0.1099775208504422,-0.1099775260604118,0.2817568378609388,-0.2817568378609388
113,stage3b,0.0203681992455029,0.0180242159009768,0.0330949587908497,0.0347988415841934,0.0348240847743888,1.0390771790320103e+74,3.640760914740389e+73,4.922782453468652e+74,-3.450214674230564e+70,1.039077121750502e+74,0.0336136499332371,0.0265023195071376,0.0670867743009515,0.0749081769727881,0.0781908874959306,0.0473470915429249,0.9626485536731688,0.941255017209204,-0.941255017209204,0.0500534191464768,0.0818521237521175,0.0718710094642573,0.1073810808214588,0.209465587607514,0.2350257824064745,True,1.0158656178828869,0.9969196617182084,0.0011409235457337,0.0011409235457337,1.868189210112276,1.025229838174513,2.677741928559457,1.025229838174513,1.868189210112276,0.0011409235457337,0.0011409235457337,1.868189210112276,1.025229838174513,2.677741928559457,1.025229838174513,1.868189210112276,0.1100438792781316,-0.1100438851155391,0.2899210416574793,-0.2899210416574793
114,stage3b,0.0186932904135787,0.0161923106582502,0.0316602869223498,0.0351100209737153,0.0351348091061602,1.0390857806886573e+74,3.6407910538430265e+73,4.922823232763902e+74,-3.450266218360608e+70,1.0390857234059116e+74,0.0345725434606871,0.0262311048278231,0.065481895795035,0.0905804500934047,0.1119280573672132,0.0480817116907053,0.9775205147425232,0.9546762370983056,-0.9546762370983056,0.050072795875109,0.0744397953258716,0.0640181629004518,0.094128404098251,0.2214864720013777,0.2274759983047234,True,1.0149216518882085,0.9951570776199524,0.0011336826716267,0.0011336826716267,1.875406004982281,1.0255642109446763,2.690058715284968,1.0255642109446763,1.875406004982281,0.0011336826716267,0.0011336826716267,1.875406004982281,1.0255642109446763,2.690058715284968,1.0255642109446763,1.875406004982281,0.1115230417749306,-0.1115230422437782,0.2924781642007034,-0.2924781642007034
115,stage3b,0.0343292665211871,0.0296882457146056,0.0514982200848919,0.0823122421920953,0.089457219635752,1.039086454933539e+74,3.640793416396188e+73,4.922826438104739e+74,-3.45027758193929e+70,1.0390863976504531e+74,0.0493794528381335,0.0372866457318781,0.0919910917637776,0.1481254704796624,0.1956109747437207,0.0474244278123202,0.995489697025512,0.975711266493192,-0.975711266493192,0.0499941221455917,0.0865736828166265,0.0706398110322303,0.1178205711788404,0.2546006292022751,0.2980839289626094,True,1.0462986315804494,1.0282999085131816,0.0011476970437131,0.0011476970437131,1.861728822471064,1.0249201270148411,2.6666563896192232,1.0249201270148411,1.861728822471064,0.0011476970437131,0.0011476970437131,1.861728822471064,1.0249201270148411,2.6666563896192232,1.0249201270148411,1.861728822471064,0.1096864508068375,-0.1096864234622204,0.2876345597509341,-0.2876345597509341
116,stage3b,0.0227035144110291,0.0200260051908161,0.0376880649402375,0.0396089674780413,0.040061818880726,1.0390768417750198e+74,3.640759733032038e+73,4.922780854260379e+74,-3.450212389999068e+70,1.0390767844935686e+74,0.0371402832755756,0.0292381156584326,0.0756084906614253,0.0850396536048214,0.091866029665768,0.0473272264842881,0.9905386332819572,0.9654608216921652,-0.9654608216921652,0.050196087190485,0.0888644258142127,0.0779704064082943,0.1199300100811049,0.2211564767106612,0.2588933310570898,True,1.04695473113381,1.0244339906639242,0.0010821033352871,0.0010821033352871,1.9282750376038824,1.028160035904298,2.780499880484091,1.028160035904298,1.9282750376038824,0.0010821033352871,0.0010821033352871,1.9282750376038824,1.028160035904298,2.780499880484091,1.028160035904298,1.9282750376038824,0.1101425168443909,-0.1101425223606464,0.3110924142197945,-0.3110924142197945
117,stage3b,0.0226651742107036,0.0195217098724847,0.0384467359157782,0.0395481109714263,0.0405120026265087,1.0390799561736632e+74,3.640770645486252e+73,4.922795619262315e+74,-3.4502310927729325e+70,1.0390798988917625e+74,0.0384270964213897,0.0299671816006077,0.0740792893147526,0.0964884132697714,0.1095388132931594,0.0474323800949419,1.0035594249190405,0.976337719625504,-0.976337719625504,0.0502393960108082,0.0892194885576479,0.0786331490414082,0.1181094750173616,0.2188110596573683,0.2589453656766456,True,1.0576533039538871,1.0339144834263334,0.0010851757172048,0.0010851757172048,1.9251102204860917,1.0279934815238123,2.7750584861460927,1.0279934815238123,1.9251102204860917,0.0010851757172048,0.0010851757172048,1.9251102204860917,1.0279934815238123,2.7750584861460927,1.0279934815238123,1.9251102204860917,0.1106208614255448,-0.1106208544024199,0.3099858876585897,-0.3099858876585897
118,stage3b,0.0250580348879495,0.0220404791427187,0.0424461764517725,0.0447500561476169,0.0451608722296161,1.0390762956443023e+74,3.64075781945213e+73,4.922778264317388e+74,-3.450208444488908e+70,1.0390762383629519e+74,0.0371477712442201,0.0303486233892389,0.0709090439168775,0.0784352411097666,0.0813336961313597,0.0471459731895761,1.016488036581932,0.987887110620289,-0.987887110620289,0.0503238708256935,0.0933517934096918,0.0821229143387212,0.1287697406867936,0.2188935099620084,0.2733013843888137,True,1.078838074892508,1.0532726013887503,0.0011496145527077,0.0011496145527077,1.8599004219922168,1.0248336069476531,2.663521936589897,1.0248336069476531,1.8599004219922168,0.0011496145527077,0.0011496145527077,1.8599004219922168,1.0248336069476531,2.663521936589897,1.0248336069476531,1.8599004219922168,0.1100326773684766,-0.1100326544618518,0.2869867193607771,-0.2869867193607771
119,stage3b,0.0261312554924639,0.0227924808640074,0.0440098361613281,0.0469631108199102,0.0474453986804404,1.0390749960542932e+74,3.640753265857426e+73,4.922772103356347e+74,-3.4502008411078885e+70,1.0390749387731239e+74,0.0386447320663945,0.0309641358461131,0.0817989943412871,0.086100753425877,0.0903495156542553,0.0471511078726609,1.0312919055040288,1.000677572664458,-1.000677572664458,0.0505033251041043,0.0978833668441034,0.0860125502079409,0.1373340927670976,0.2291923240779005,0.2855531858235229,True,1.0970700613732662,1.0695411632221492,0.0011354937622591,0.0011354937622591,1.8735790934496916,1.0254801614328368,2.6869447071415,1.0254801614328368,1.8735790934496916,0.0011354937622591,0.0011354937622591,1.8735790934496916,1.0254801614328368,2.6869447071415,1.0254801614328368,1.8735790934496916,0.109971936218555,-0.1099719436223247,0.291830820099137,-0.291830820099137
120,stage3b,0.0281727962301861,0.0244278805036872,0.0484296027037973,0.0510231133365374,0.051280276363868,1.0390750311094862e+74,3.6407533886823627e+73,4.922772269139765e+74,-3.450200711636689e+70,1.0390749738283232e+74,0.041460187056464,0.0328093478092221,0.081578968646113,0.093466842856575,0.0993614070589867,0.0472259768830269,1.048096636729229,1.0152634292020888,-1.0152634292020888,0.0506621701134607,0.101573415538825,0.0889330197863277,0.1461494432731844,0.233295727591657,0.3000412326604675,True,1.115398071499479,1.085726327427487,0.001118957119175,0.001118957119175,1.8899968112808556,1.0262691056752655,2.715045191705701,1.0262691056752655,1.8899968112808556,0.001118957119175,0.001118957119175,1.8899968112808556,1.0262691056752655,2.715045191705701,1.0262691056752655,1.8899968112808556,0.1101514747732493,-0.1101514802360009,0.297630871017363,-0.297630871017363
121,stage3b,0.0310695638324764,0.0269444395115661,0.0539871454183649,0.0573697500852734,0.057497712648288,1.0390729577947913e+74,3.640746124049269e+73,4.922762439411122e+74,-3.450187937438379e+70,1.0390729005139379e+74,0.0430831100289466,0.0344160566386651,0.0837713650605063,0.0966105978681108,0.1062745203810027,0.0468735649756174,1.066954720373286,1.0321783375824252,-1.0321783375824252,0.0506210581586319,0.1063034426806561,0.0928639104968876,0.1574262782834445,0.2367470980524346,0.3139278546103918,True,1.1408986035237116,1.1093614323008958,0.001132104139912,0.001132104139912,1.876688496637562,1.0256417230477664,2.692327918493309,1.0256417230477664,1.876688496637562,0.001132104139912,0.001132104139912,1.876688496637562,1.0256417230477664,2.692327918493309,1.0256417230477664,1.876688496637562,0.1100042524754424,-0.1100042737206139,0.292924908871059,-0.292924908871059
122,stage3b,0.0322161292833595,0.0278251632591469,0.0562270277496341,0.0595623875948797,0.0599411622641039,1.0390731704296919e+74,3.640746869090981e+73,4.922763447105385e+74,-3.450188892529036e+70,1.0390731131488187e+74,0.0478553563306463,0.0376275094801741,0.0942662270444172,0.1150554402718382,0.1377707384164792,0.0470796926460473,1.085182475769069,1.0470797337511892,-1.0470797337511892,0.0508735866360838,0.1096691294992585,0.0956158010775085,0.1637919495359032,0.241755429181981,0.3282276014766268,True,1.1595109147941811,1.124911900433895,0.0011250871357112,0.0011250871357112,1.883898976722564,1.0259720263313523,2.704599029665307,1.0259720263313523,1.883898976722564,0.0011250871357112,0.0011250871357112,1.883898976722564,1.0259720263313523,2.704599029665307,1.0259720263313523,1.883898976722564,0.1103035516562601,-0.1103035482385841,0.2954793777018545,-0.2954793777018545
123,stage3b,0.0342920878303333,0.0297241735192319,0.0580959299288537,0.0646681563126797,0.0649067766786664,1.0390834581997847e+74,3.6407829161054506e+73,4.922812218622497e+74,-3.450249374072057e+70,1.0390834009174704e+74,0.0472487598439966,0.0386232385755592,0.0837398994994698,0.0957229796595629,0.0984158910736425,0.0473985894063926,1.1196227285328773,1.07443298856918,-1.07443298856918,0.0512090242121834,0.1146847953517174,0.1001963256772865,0.1626318766707204,0.2530867313629655,0.3595417798093399,True,1.1918841753186238,1.1521081306471015,0.0010965362510392,0.0010965362510392,1.9130331845938304,1.0273962285040965,2.754436776794212,1.0273962285040965,1.9130331845938304,0.0010965362510392,0.0010965362510392,1.9130331845938304,1.0273962285040965,2.754436776794212,1.0273962285040965,1.9130331845938304,0.11018253047414,-0.1101825318293628,0.3057437297830692,-0.3057437297830692
124,stage3b,0.03706641905951,0.032148756656295,0.0640470921185508,0.0647236783014331,0.0649963666402158,1.0390812449978256e+74,3.640775161325525e+73,4.92280172573714e+74,-3.4502357808417296e+70,1.0390811877158408e+74,0.0502360994536786,0.0406877792521045,0.0972481934304839,0.1061240028814934,0.1076418917780275,0.0471128442196671,1.1433273814694138,1.095012541624533,-1.095012541624533,0.0512882250180377,0.1198634903482725,0.103770409260085,0.1759985821455049,0.2558177290041885,0.3779349639786042,True,1.2237430740050204,1.180398307066481,0.0011392778117009,0.0011392778117009,1.8699338762786928,1.0253038470201574,2.680690032862973,1.0253038470201574,1.8699338762786928,0.0011392778117009,0.0011392778117009,1.8699338762786928,1.0253038470201574,2.680690032862973,1.0253038470201574,1.8699338762786928,0.109963580533976,-0.1099635793496516,0.2905421184060082,-0.2905421184060082
125,stage3b,0.0403087850391645,0.0348256066251733,0.0682645526567863,0.0720971393892921,0.0723356040689855,1.0390809550412005e+74,3.64077414535938e+73,4.922800351573699e+74,-3.450234446456246e+70,1.0390808977592437e+74,0.0526912883099121,0.0429506940053789,0.0957215884706743,0.1079841986518704,0.1092074607649298,0.0469011675298194,1.1660065086266511,1.1157398677035344,-1.1157398677035344,0.0512485795228809,0.123207614053494,0.1064003021148235,0.1891472159003824,0.2666237961130658,0.3866155480351163,True,1.2504977768220826,1.2048427861081024,0.0011320006482077,0.0011320006482077,1.8767861839353988,1.0256466455940405,2.692496314433122,1.0256466455940405,1.8767861839353988,0.0011320006482077,0.0011320006482077,1.8767861839353988,1.0256466455940405,2.692496314433122,1.0256466455940405,1.8767861839353988,0.1096329135425556,-0.1096328458970257,0.2929593324885111,-0.2929593324885111
126,stage3b,0.043536699214621,0.0374802479893265,0.0747636770744927,0.0762389231221786,0.0769008609884615,0.0,0.0,0.0,0.0,0.0,0.0589146081064932,0.0472731903179313,0.11650219295045,0.1397779035383222,0.1563451638865625,0.0466098200070227,1.1863344604118793,1.1298339993867628,-1.1298339993867628,0.0513016130310999,0.1319738282526476,0.1131939882812321,0.1998507205451301,0.2850850073115022,0.4145833928947042,True,1.276992326480224,1.2263817672396664,0.0011304085929556,0.0011304085929556,1.8783981619307115,1.0257212994945568,2.6952443166390228,1.0257212994945568,1.8783981619307115,0.0011304085929556,0.0011304085929556,1.8783981619307115,1.0257212994945568,2.6952443166390228,1.0257212994945568,1.8783981619307115,0.1101694595636519,-0.1101694540201569,0.2935303110940487,-0.2935303110940487
127,stage3b,0.0436692756911314,0.0380904159541586,0.0740980164662736,0.0755567669398568,0.0759697371872424,2.180852359636749e+68,7.641421549853806e+67,1.0338741619690882e+69,-1.2745898292888867e+65,2.180851987172432e+68,0.0576709685332558,0.0466243598632434,0.1175700316227691,0.1313790915029241,0.138061256840785,0.0469341745424858,1.208368689892504,1.1472462032070672,-1.1472462032070672,0.0515661213452765,0.1322327919362519,0.1135362039907371,0.1964538391232245,0.2872725899617788,0.4218709467706798,True,1.2962571556440146,1.2419711945510288,0.001156551747442,0.001156551747442,1.8533699006891868,1.0245237405529843,2.652314730579302,1.0245237405529843,1.8533699006891868,0.001156551747442,0.001156551747442,1.8533699006891868,1.0245237405529843,2.652314730579302,1.0245237405529843,1.8533699006891868,0.1105901816403303,-0.1105901788019151,0.2846721996433597,-0.2846721996433597
128,stage3b,0.0447045076864821,0.0386543244154884,0.0776666959701029,0.0802182633572853,0.0809901540894877,6.349581290825329e+68,2.2248119141535955e+68,3.0103180034191934e+69,3.8606903403737374e+65,6.349580117131301e+68,0.0601985673936456,0.0487422597035946,0.1187668018150249,0.13567226304603,0.1505666294348797,0.0466817832785306,1.2065531145929944,1.145355439196896,-1.145355439196896,0.0515454768139829,0.1357152660192502,0.116551422045402,0.2097112600326369,0.2951321860688416,0.4187347423459671,True,1.3000647712125324,1.2451340717061892,0.0011404056402144,0.0011404056402144,1.8686618354361624,1.0252540427291486,2.678559526518121,1.0252540427291486,1.8686618354361624,0.0011404056402144,0.0011404056402144,1.8686618354361624,1.0252540427291486,2.678559526518121,1.0252540427291486,1.8686618354361624,0.1106588262895374,-0.110658840729668,0.2900875977510292,-0.2900875977510292
129,stage3b,0.0480236012012683,0.0415302638738455,0.0840929012319395,0.0860071158325288,0.0865881035350684,7.699062185681694e+68,2.6976544225574234e+68,3.650290381316508e+69,4.836813443799468e+65,7.699060666355961e+68,0.0616819011205631,0.0508239564802357,0.1102980651444371,0.1182106601310682,0.1253380732042806,0.0465063076152759,1.2197596624929796,1.1553299136754691,-1.1553299136754691,0.0513782468840966,0.1412675109866185,0.120995441475969,0.2197509772480514,0.3081683877650645,0.4369212642584985,True,1.3135546485214369,1.2556964907941088,0.0011248531702064,0.0011248531702064,1.8839248304030047,1.02598584891577,2.704699827497326,1.02598584891577,1.8839248304030047,0.0011248531702064,0.0011248531702064,1.8839248304030047,1.02598584891577,2.704699827497326,1.02598584891577,1.8839248304030047,0.1103671790932057,-0.1103671866584644,0.295483348383332,-0.295483348383332
130,stage3b,0.0474571483305459,0.0411530368328766,0.082758307330228,0.0854901817948103,0.0858588857813917,6.501899708127441e+68,2.2781835678162e+68,3.0826674417678265e+69,4.0662545267689263e+65,6.501898436620017e+68,0.0627632803446432,0.0505365642815521,0.1303773658926488,0.1400858951762742,0.1458662532392538,0.0466907212728862,1.2269738052870358,1.158961495268246,-1.158961495268246,0.0516358187982679,0.1418841328525893,0.1216336071473654,0.2214988548769367,0.3098670424651438,0.43846725266439,True,1.3209828539931523,1.2603591586430816,0.0011196520416616,0.0011196520416616,1.889109196726494,1.026237559692898,2.7135779477512982,1.026237559692898,1.889109196726494,0.0011196520416616,0.0011196520416616,1.889109196726494,1.026237559692898,2.7135779477512982,1.026237559692898,1.889109196726494,0.1108629214786724,-0.1108629187482386,0.297312865675055,-0.297312865675055
131,stage3b,0.0500144901740005,0.0433919193938304,0.0879294716595614,0.0914662022902645,0.0919609416293694,5.856553475107976e+68,2.052063766970712e+68,2.7768493087374264e+69,3.789012750736919e+65,5.856552249419591e+68,0.0654207005544289,0.0530484988507638,0.1278768116903723,0.148560707743296,0.1736981675955524,0.0466515759847856,1.240904994261956,1.169467686694953,-1.169467686694953,0.0515487868541518,0.144679349015126,0.1234175528651224,0.2274796739550095,0.3181108927647895,0.4488045868074954,True,1.3332199821197095,1.2699953279940497,0.0011514195683213,0.0011514195683213,1.8582070205428711,1.0247522730743812,2.6606125813118093,1.0247522730743812,1.8582070205428711,0.0011514195683213,0.0011514195683213,1.8582070205428711,1.0247522730743812,2.6606125813118093,1.0247522730743812,1.8582070205428711,0.1112364924341146,-0.1112364877426404,0.2863870807029063,-0.2863870807029063
132,stage3b,0.0590658240051139,0.0522192033514352,0.091630718947761,0.1165553526934979,0.1289159433572337,1.4236620333864928e+69,4.988329790521794e+68,6.7495906667031125e+69,8.69884483480608e+65,1.4236617676285154e+69,0.0719892137767652,0.057347713821198,0.1398453408945768,0.1484885337813494,0.1567039895200896,0.0461056043784056,1.2604144433321776,1.1877157756626635,-1.1877157756626635,0.0515434371221955,0.1415415594302927,0.1216426931166212,0.2379485576301947,0.3068265167053975,0.4040354949858571,True,1.366898087738294,1.300156924477592,0.0011365105187782,0.0011365105187782,1.872412434085188,1.0254349077384042,2.684994065195199,1.0254349077384042,1.872412434085188,0.0011365105187782,0.0011365105187782,1.872412434085188,1.0254349077384042,2.684994065195199,1.0254349077384042,1.872412434085188,0.1093514772716005,-0.1093515788634681,0.2914137969885582,-0.2914137969885582
133,stage3b,0.0531297847048998,0.046412842307697,0.0901262596666255,0.0969590815444417,0.0980547108907889,6.331279950394251e+68,2.2184038089460693e+68,3.0021361502135366e+69,4.260086457693362e+65,6.331278517165991e+68,0.0659863410733454,0.0537232709465797,0.1180672686392099,0.1320292788777521,0.1322776292269636,0.0467684462869997,1.269060805660564,1.1905431925927037,-1.1905431925927037,0.0515843852671639,0.1493133438512728,0.126345075574051,0.2360880465605095,0.3322436676430234,0.4681716502735735,True,1.3583396772853549,1.2892407286302745,0.0011482320602726,0.0011482320602726,1.861211293856959,1.0248960285448934,2.6657710608108003,1.0248960285448934,1.861211293856959,0.0011482320602726,0.0011482320602726,1.861211293856959,1.0248960285448934,2.6657710608108003,1.0248960285448934,1.861211293856959,0.1112692041547555,-0.1112691848681742,0.2874510438295385,-0.2874510438295385
134,stage3b,0.0535342928196002,0.0461498308475762,0.0957100662054255,0.0979041218656111,0.0988434164872655,1.4610378155236695e+68,5.1193391951399736e+67,6.932473086998096e+68,1.3644631051967318e+65,1.4610371783875352e+68,0.0619451182661304,0.0514708647005907,0.1117777437591489,0.1207903919251851,0.1256029177494664,0.0475930090423293,1.281508444712684,1.19924777112516,-1.19924777112516,0.051645575717222,0.1489670593803592,0.1260631196704205,0.2294846424409029,0.3306741592783543,0.4737414834546598,True,1.3511363372489738,1.2814196680795396,0.00111963856617,0.00111963856617,1.8891582316280449,1.0262377958446276,2.7136521120989654,1.0262377958446276,1.8891582316280449,0.00111963856617,0.00111963856617,1.8891582316280449,1.0262377958446276,2.7136521120989654,1.0262377958446276,1.8891582316280449,0.1131369470733882,-0.1131368994543505,0.2973311163082457,-0.2973311163082457
135,stage3b,0.0546002997939697,0.0468904310073314,0.0982724074186092,0.1001317942639642,0.1009044164340955,7.294520311835018e+67,2.555864953490468e+67,3.454009471095732e+68,8.671871092439084e+63,7.294520260288552e+67,0.0528150883967098,0.0449759697406487,0.0915676202716655,0.10089362103298,0.1033080128189416,0.0483255515923676,1.29104182370861,1.2052832601655676,-1.2052832601655676,0.0515772217335804,0.1488414262830823,0.1256966491750154,0.2281951724904729,0.3325995077343163,0.4807177081643612,True,1.34098357315688,1.2707415461385112,0.001145705595166,0.001145705595166,1.8635607268684895,1.0250113552943128,2.6698166162622425,1.0250113552943128,1.8635607268684895,0.001145705595166,0.001145705595166,1.8635607268684895,1.0250113552943128,2.6698166162622425,1.0250113552943128,1.8635607268684895,0.1158191304035771,-0.1158191220703005,0.2882816542144938,-0.2882816542144938
137,stage3b,0.0350061863437849,0.0293137090250548,0.0583072294576738,0.0691997993363622,0.0728330990250714,3.2408312706429788e+69,1.1355470691231831e+69,1.5366148309790392e+70,-2.092073366269396e+66,3.2408305953885364e+69,0.0496779783403718,0.0441227847093185,0.080738990232136,0.0949613838081436,0.0971148437582707,0.0395219885288573,2.7513238402383364,2.707822554370936,-2.707822554370936,0.0451690611678406,0.17586556654209,0.1384430463563955,0.3100926937316333,0.3246952653733495,0.3318398014228516,True,2.875096328939786,2.8457991463704064,0.0011483474017247,0.0011483474017247,1.86107904074094,1.0248910984458826,2.6655504042172478,1.0248910984458826,1.86107904074094,0.0011483474017247,0.0011483474017247,1.86107904074094,1.0248910984458826,2.6655504042172478,1.0248910984458826,1.86107904074094,0.1198194096960853,-0.1198193817068558,0.2874036484385031,-0.2874036484385031
138,stage3b,0.0927498022944701,0.0801218744921771,0.1714460283245309,0.1805345906711581,0.1808657796258568,3.2443626223910644e+69,1.1367844234739182e+69,1.5382905822373258e+70,-2.0955061151947298e+66,3.2443619456562405e+69,0.101377132709789,0.0835355533517887,0.1893660652396229,0.1987298990033269,0.2059043149716743,0.039024540578965,1.9888328879033816,1.849528102040074,-1.849528102040074,0.0467243667793096,0.2164766320669514,0.1813788421395765,0.3765334148207699,0.4293789297300324,0.4998930497773846,True,2.147503265999581,2.0334814238590337,0.0011589354479239,0.0011589354479239,1.8510788525618025,1.0244193857692654,2.648399822579251,1.0244193857692654,1.8510788525618025,0.0011589354479239,0.0011589354479239,1.8510788525618025,1.0244193857692654,2.648399822579251,1.0244193857692654,1.8510788525618025,0.1086742645733131,-0.1086742693598716,0.2838581855047801,-0.2838581855047801
139,stage3b,0.0942012556735026,0.0796924879156205,0.1722602331048704,0.1843453922717875,0.1846079637679891,3.244342504493028e+69,1.1367773742889157e+69,1.5382810298473934e+70,-2.095481796098023e+66,3.244341827769716e+69,0.097043915462375,0.0817066969257402,0.1818467690206325,0.1910286843914919,0.1928822747568137,0.0387591163666073,1.8650789854993663,1.7455331876224736,-1.7455331876224736,0.046434600441184,0.2247944053128749,0.1825417011581367,0.3920252250180147,0.456580078381244,0.5474344003222753,True,2.027288206788751,1.9304563474907293,0.0010847433588808,0.0010847433588808,1.9250909136966716,1.0280221183880114,2.77515836787972,1.0280221183880114,1.9250909136966716,0.0010847433588808,0.0010847433588808,1.9250909136966716,1.0280221183880114,2.77515836787972,1.0280221183880114,1.9250909136966716,0.1102496515048981,-0.1102496651863579,0.3099654687575807,-0.3099654687575807
140,stage3b,0.1513132423672203,0.1257617675537772,0.2375857002016302,0.2585341097836068,0.2819662171765951,3.244332893387341e+69,1.1367740066548843e+69,1.5382764703818034e+70,-2.0954735695640637e+66,3.2443322166673364e+69,0.1223620555262723,0.09600266997279,0.2239982959912049,0.233238945644854,0.234596978371012,0.0381439234115608,1.8052437541459143,1.7369069897170075,-1.7369069897170075,0.0453263979936484,0.2161044839092129,0.1820609595943604,0.3965615002172805,0.4029752674271627,0.4033778708421671,True,1.968006049438897,1.9131108678775453,0.0011577429918428,0.0011577429918428,1.852223758618476,1.024471510896385,2.6503562880330698,1.024471510896385,1.852223758618476,0.0011577429918428,0.0011577429918428,1.852223758618476,1.024471510896385,2.6503562880330698,1.024471510896385,1.852223758618476,0.1068814004754082,-0.1068814081470896,0.2842650091376804,-0.2842650091376804
141,stage3b,0.0918787343093205,0.0781843216698383,0.1714176019923882,0.1858271147863935,0.1864716354584852,3.2443414436373614e+69,1.1367770025708421e+69,1.5382805260285552e+70,-2.095480429001538e+66,3.2443407669147113e+69,0.0961958525731005,0.0795763611586569,0.1805764905056712,0.1908960169120691,0.1922939512914896,0.0378942849527487,1.838248059852729,1.7362920842147311,-1.7362920842147311,0.0451537695193235,0.216258237779978,0.1759490186629458,0.3854921016883086,0.4276134381781005,0.4824475097854908,True,1.994431678285875,1.915584592547194,0.001157869760277,0.001157869760277,1.8520568764417245,1.0244665351550173,2.6500831158565705,1.0244665351550173,1.8520568764417245,0.001157869760277,0.001157869760277,1.8520568764417245,1.0244665351550173,2.6500831158565705,1.0244665351550173,1.8520568764417245,0.1096345102994582,-0.1096348599931852,0.2842046768300387,-0.2842046768300387
142,stage3b,0.0899319219181886,0.0766902998496422,0.1705732722923839,0.1823618112721908,0.1844394132788551,3.2443404056796422e+69,1.1367766388778575e+69,1.5382800332829744e+70,-2.095479254780896e+66,3.2443397289575334e+69,0.0955669935886168,0.0793885580828499,0.1763133944140135,0.193111466267497,0.1949272185173163,0.0378143047310317,1.856171690035181,1.7574929672302746,-1.7574929672302746,0.0448580153134237,0.2162476324462177,0.1758389379107262,0.3788092422712292,0.4265396409705797,0.4834718680288707,True,2.008023329476316,1.9322219638373423,0.001133751027607,0.001133751027607,1.8751631073407808,1.025563232740442,2.6896906978971544,1.025563232740442,1.8751631073407808,0.001133751027607,0.001133751027607,1.8751631073407808,1.025563232740442,2.6896906978971544,1.025563232740442,1.8751631073407808,0.1094824942829778,-0.1094824957701633,0.29238800074837,-0.29238800074837
143,stage3b,0.1346224607684182,0.1099767617310561,0.2028099457594305,0.2931227127454616,0.4165047987330972,3.2443163071470563e+69,1.1367681949341116e+69,1.5382685941822802e+70,-2.095452928318546e+66,3.2443156304369244e+69,0.1103255312757711,0.0885353382267402,0.2049937919388587,0.2193801038092711,0.2209134382639939,0.0377684016196721,1.8282540583635196,1.7519324779514134,-1.7519324779514134,0.044778823026069,0.2169283813761391,0.1903794360652358,0.3868602094908389,0.4078439675098209,0.4238323445670025,True,1.981937962884704,1.9259130573003875,0.0011477281744465,0.0011477281744465,1.8616208999160704,1.0249196914113192,2.6664927620950327,1.0249196914113192,1.8616208999160704,0.0011477281744465,0.0011477281744465,1.8616208999160704,1.0249196914113192,2.6664927620950327,1.0249196914113192,1.8616208999160704,0.1070187841521761,-0.1070189341770503,0.2875944025346201,-0.2875944025346201
144,stage3b,0.0879952380800742,0.0747165943107778,0.1676579639242794,0.180316599039688,0.1833918242064569,3.2443310908109517e+69,1.136773375002474e+69,1.5382756099538468e+70,-2.095467631347297e+66,3.2443304140944063e+69,0.0931217699613716,0.0772141933315319,0.1687398504450146,0.1864590105924775,0.1875385672529337,0.0376736118695147,1.8744205663075737,1.780597320684295,-1.780597320684295,0.0446287867265149,0.2149167236672965,0.1744871305852476,0.3764138152924792,0.4279549359046149,0.4865948382424467,True,2.025593940390835,1.9538678978225124,0.0011485608060976,0.0011485608060976,1.860874522004476,1.0248814764678835,2.665200060094961,1.0248814764678835,1.860874522004476,0.0011485608060976,0.0011485608060976,1.860874522004476,1.0248814764678835,2.665200060094961,1.0248814764678835,1.860874522004476,0.1102991336535726,-0.1102991378631186,0.2873311619022168,-0.2873311619022168
145,stage3b,0.0879364274880684,0.0740786216653826,0.1651611654843776,0.18197881443025,0.1837232318046242,3.2443296324240413e+69,1.1367728639918283e+69,1.538274917368607e+70,-2.0954657732665806e+66,3.2443289557083924e+69,0.091326646812589,0.0755032801258994,0.1784162860379128,0.188991574495717,0.1899633277114156,0.0376049239395951,1.891608700712229,1.7992824674956371,-1.7992824674956371,0.044598241282005,0.2161485131772755,0.1759342291606657,0.3840125165842805,0.4275643771367905,0.4825419768020453,True,2.04402530780786,1.9737311575100984,0.0011256965088016,0.0011256965088016,1.8830653789529912,1.0259456382468528,2.703234228764508,1.0259456382468528,1.8830653789529912,0.0011256965088016,0.0011256965088016,1.8830653789529912,1.0259456382468528,2.703234228764508,1.0259456382468528,1.8830653789529912,0.1100515408926625,-0.110051535585502,0.2951792898921021,-0.2951792898921021
146,stage3b,0.0865523459404937,0.071985134836381,0.1704330246121164,0.1813062505990978,0.1828596477954058,3.2443293545071757e+69,1.1367727666152546e+69,1.5382747858213122e+70,-2.095465781143056e+66,3.244328677791463e+69,0.0887353394572138,0.072624279300269,0.1637043426443474,0.1821554564150633,0.1840860317056412,0.0377058349564177,1.9118458201568391,1.827220267985632,-1.827220267985632,0.0443473609027269,0.20532294578832,0.168512583671024,0.3647279896690099,0.4140089967345754,0.4690835304184171,True,2.057991604012199,1.9930328692799035,0.0011492185699578,0.0011492185699578,1.8602013305734304,1.0248523884055147,2.664058629422714,1.0248523884055147,1.8602013305734304,0.0011492185699578,0.0011492185699578,1.8602013305734304,1.0248523884055147,2.664058629422714,1.0248523884055147,1.8602013305734304,0.1109107485835901,-0.1109108271278855,0.2870914850429606,-0.2870914850429606
147,stage3b,0.0818073896371864,0.0682979528697438,0.1647736150412708,0.174520885301025,0.1751309770953675,3.244325787471153e+69,1.1367715167469849e+69,1.538273091979805e+70,-2.0954613526471687e+66,3.2443251107575574e+69,0.0850640887949323,0.0690151159654894,0.1564034359671893,0.174808499322563,0.1760167366952096,0.0375849716296925,1.9557382016419316,1.874359690851019,-1.874359690851019,0.0441987247518765,0.2101532299648244,0.1697447407348631,0.3724586231375499,0.4271662501457345,0.4870076442071491,True,2.10098734661704,2.040060456518696,0.0011451475884521,0.0011451475884521,1.864163483434115,1.025035906923582,2.6708312422304337,1.025035906923582,1.864163483434115,0.0011451475884521,0.0011451475884521,1.864163483434115,1.025035906923582,2.6708312422304337,1.025035906923582,1.864163483434115,0.1110363745614733,-0.1110363766498672,0.2884968022601849,-0.2884968022601849
148,stage3b,0.0792643797195831,0.0673373090356536,0.15489506422479,0.1682515513833165,0.1683787082760781,3.244335242534262e+69,1.1367748297433096e+69,1.5382775816197997e+70,-2.095472934060782e+66,3.2443345658151582e+69,0.0855259491146795,0.0685602847888566,0.1665651526305634,0.18129455996514,0.1927561536923128,0.037282030827405,1.9994872189793855,1.9215908156793655,-1.9215908156793655,0.0440660091567284,0.2177579623432907,0.1755638865069373,0.3819934243234685,0.4292858289212222,0.4807792079807211,True,2.1488364057474123,2.092561312792667,0.0011246610433071,0.0011246610433071,1.884072682332716,1.0259955881648255,2.7049648576522376,1.0259955881648255,1.884072682332716,0.0011246610433071,0.0011246610433071,1.884072682332716,1.0259955881648255,2.7049648576522376,1.0259955881648255,1.884072682332716,0.1100107360628511,-0.1100107557926602,0.295534391940537,-0.295534391940537
149,stage3b,0.0755455555846832,0.0624143666174729,0.151409396169275,0.1630203195046389,0.1656696270371627,3.244325841142877e+69,1.1367715355558848e+69,1.5382731177579685e+70,-2.095461661891099e+66,3.2443251644290925e+69,0.079849323043089,0.0646695093987133,0.1572515658374245,0.1688447601976077,0.1700548232382941,0.0376909963768814,2.0077415751369885,1.935189922667378,-1.935189922667378,0.0439324114638222,0.2085406128136801,0.1675001359998335,0.374578516104779,0.4241217685711298,0.4865322564886685,True,2.145488999618129,2.0918109193203542,0.0011354002400458,0.0011354002400458,1.8736400821998775,1.0254849172619704,2.6870574419759614,1.0254849172619704,1.8736400821998775,0.0011354002400458,0.0011354002400458,1.8736400821998775,1.0254849172619704,2.6870574419759614,1.0254849172619704,1.8736400821998775,0.1113942115331411,-0.1113942881492214,0.2918516632494694,-0.2918516632494694
150,stage3b,0.0744880014510659,0.0611658008420496,0.1514779199338807,0.1655078759913374,0.1657036813620724,3.244327663216819e+69,1.1367721740013477e+69,1.5382739831597126e+70,-2.0954640670502258e+66,3.2443269865018614e+69,0.078841094659385,0.0630551911968306,0.1487940962338783,0.1659903149907515,0.1692372829603703,0.0376344800738817,2.0237146567598554,1.9529579288568293,-1.9529579288568293,0.0438503568186632,0.2091024392376728,0.1671725427483188,0.3722385589925747,0.4276697388328708,0.4902490976153748,True,2.1610093408330333,2.1091466248804185,0.0011120250090384,0.0011120250090384,1.896727025107916,1.0266138557119582,2.7266389214791045,1.0266138557119582,1.896727025107916,0.0011120250090384,0.0011120250090384,1.896727025107916,1.0266138557119582,2.7266389214791045,1.0266138557119582,1.896727025107916,0.1117044354237249,-0.1117045779858814,0.2999963722912563,-0.2999963722912563
151,stage3b,0.0734949207293567,0.0602633450496894,0.1526179441138797,0.1630187604387768,0.1651738822582229,3.244322970238589e+69,1.1367705296104464e+69,1.5382717547418165e+70,-2.095458317015514e+66,3.2443222935263673e+69,0.0807897886756409,0.0653661535487507,0.1512314684480948,0.1617193554073956,0.1621048542165881,0.0378695528228449,2.0380417019138526,1.9698540934116735,-1.9698540934116735,0.0437505388832739,0.2095161481131895,0.1667402143470873,0.3787944515444899,0.4304396162170688,0.4940527278510438,True,2.167562341703297,2.1173659793394024,0.0011375122202672,0.0011375122202672,1.8715729535010448,1.0253866511953942,2.68351876495237,1.0253866511953942,1.8715729535010448,0.0011375122202672,0.0011375122202672,1.8715729535010448,1.0253866511953942,2.68351876495237,1.0253866511953942,1.8715729535010448,0.112913705463264,-0.112919300001143,0.2911202685407828,-0.2911202685407828
152,stage3b,0.0711345675587297,0.0574654357448194,0.1448154152732081,0.1606257368070875,0.1618530811392018,3.244319148719932e+69,1.1367691905741508e+69,1.5382699401782586e+70,-2.095453679426977e+66,3.2443184720099082e+69,0.0713965292989098,0.058208052112638,0.131197238074012,0.1457630327624432,0.1487943670852771,0.0388908815656536,2.0564937184222543,1.9921551046570616,-1.9921551046570616,0.0437654696936871,0.2073665041305256,0.1642714827046864,0.3676837848699128,0.4295345449927467,0.5010083752089329,True,2.160827344117683,2.1126963203694906,0.0010389789904834,0.0010389789904834,1.9759681942205725,1.0306357146262408,2.862037297362437,1.0306357146262408,1.9759681942205725,0.0010389789904834,0.0010389789904834,1.9759681942205725,1.0306357146262408,2.862037297362437,1.0306357146262408,1.9759681942205725,0.1162828734260291,-0.11682619463224,0.3277245784165524,-0.3277245784165524
153,stage3b,0.0678254387249514,0.054166019679241,0.1472706081387429,0.1585011980474515,0.1588813841616783,3.2443314184795184e+69,1.1367734898256852e+69,1.538275766663352e+70,-2.095468963697939e+66,3.244330741762181e+69,0.0687700881192495,0.0553116014520524,0.1279411050251645,0.1472812698615426,0.1485588327636482,0.0388434114039243,2.0891667025643383,2.0272669969690136,-2.0272669969690136,0.0437080055142072,0.208778574277607,0.1640809641430233,0.3792411515940836,0.4339168549238643,0.5025813558643457,True,2.193226955287108,2.147608350761641,0.0011385136091328,0.0011385136091328,1.8704688590626224,1.0253418054527754,2.6816630380372133,1.0253418054527754,1.8704688590626224,0.0011385136091328,0.0011385136091328,1.8704688590626224,1.0253418054527754,2.6816630380372133,1.0253418054527754,1.8704688590626224,0.1161214515629976,-0.1161215113450456,0.2907263465366876,-0.2907263465366876
154,stage3b,0.0661534758418517,0.0520004295646961,0.1436838901246029,0.1566920146268207,0.1591375975243913,3.2443305535757354e+69,1.1367731867679078e+69,1.5382753558801486e+70,-2.0954678319507178e+66,3.244329876858949e+69,0.0653546508751666,0.0525853944748018,0.1338735170475814,0.1467752662109545,0.1483216503945799,0.0387913600668145,2.1086727181269724,2.04885973296496,-2.04885973296496,0.0437440214017469,0.208159179711314,0.1629522720650977,0.3767814983349626,0.4354341568259495,0.5089377832488062,True,2.214295041766424,2.171236377589414,0.0011095772726396,0.0011095772726396,1.89915396086817,1.026736669053082,2.7308101462900374,1.026736669053082,1.89915396086817,0.0011095772726396,0.0011095772726396,1.89915396086817,1.026736669053082,2.7308101462900374,1.026736669053082,1.89915396086817,0.115779479083376,-0.1157794369036388,0.3008493768511759,-0.3008493768511759
155,stage3b,0.1003079090835404,0.0862839247938538,0.1681998523048989,0.1850442676160976,0.1860304815787341,3.244342122985497e+69,1.136777240652373e+69,1.538280853262178e+70,-2.09548512249447e+66,3.2443414462599566e+69,0.0747967304795189,0.0605224685402405,0.1429617243750541,0.1641425116912226,0.1911709705457275,0.0370642334936515,2.090368819244303,2.0496839899211583,-2.0496839899211583,0.0437747010328613,0.2062405533425437,0.1720071060010947,0.3550202101200848,0.4749626174429335,0.5379959925414984,True,2.246857078837728,2.21956124306175,0.0010795444056823,0.0010795444056823,1.930609151297193,1.028303022030188,2.7846038659676835,1.028303022030188,1.930609151297193,0.0010795444056823,0.0010795444056823,1.930609151297193,1.028303022030188,2.7846038659676835,1.028303022030188,1.930609151297193,0.1071730000571195,-0.1071729435635281,0.3118978690054956,-0.3118978690054956
156,stage3b,0.0560626153417767,0.0442472277268482,0.1106525146715815,0.1271331972260976,0.1286616791895656,3.244332347548364e+69,1.13677381536934e+69,1.5382762082259503e+70,-2.0954704334775098e+66,3.2443316708302717e+69,0.0591863682778392,0.0464675893199307,0.125403119952484,0.145154774411656,0.1480058339276915,0.0396516008084404,2.1764555827041776,2.1221994014306382,-2.1221994014306382,0.0439173144710773,0.1936658288639259,0.1474352514844103,0.353162472330319,0.4183583197515098,0.4954005280374969,True,2.2644641264850165,2.2260458487209345,0.0011525916706207,0.0011525916706207,1.85710356864564,1.024699746309655,2.6587184838462945,1.024699746309655,1.85710356864564,0.0011525916706207,0.0011525916706207,1.85710356864564,1.024699746309655,2.6587184838462945,1.024699746309655,1.85710356864564,0.1151617375167031,-0.1151617204097192,0.2859961026614312,-0.2859961026614312
157,stage3b,0.0873938705948282,0.0724625583553413,0.1508176744928369,0.1801720525145288,0.2138109215832195,3.2443528001249446e+69,1.1367809818598691e+69,1.538285923531848e+70,-2.095498483390169e+66,3.2443521233930014e+69,0.0816856727261997,0.0626822514908341,0.1476647712584834,0.2334312791529952,0.2730651326002924,0.0375985516371413,2.1615540806328024,2.121662368835639,-2.121662368835639,0.0440459416980399,0.2291513849422268,0.1929494028048456,0.3556368560500186,0.5571072373940182,0.6139099704500584,True,2.30974680369156,2.283348070185993,0.0010367108600253,0.0010367108600253,1.978772784077257,1.0307728525166198,2.86677358711462,1.0307728525166198,1.978772784077257,0.0010367108600253,0.0010367108600253,1.978772784077257,1.0307728525166198,2.86677358711462,1.0307728525166198,1.978772784077257,0.1080902114750696,-0.1080902570250328,0.328704824599463,-0.328704824599463
158,stage3b,0.0863341838224139,0.071620708507435,0.1723579098532208,0.180886804659123,0.1817651260194739,3.2443450996102094e+69,1.1367782836526362e+69,1.5382822676918918e+70,-2.095489608120994e+66,3.244344422882392e+69,0.0761401418380725,0.0595985879219221,0.1324630894807522,0.1962821351044471,0.2649640064398237,0.0375174206394628,2.190044493654269,2.151747788974423,-2.151747788974423,0.0442230373293557,0.2123242788206523,0.1792671163593446,0.3321474571790437,0.5456365565427094,0.6379543207649785,True,2.3470891283016715,2.319638840708673,0.0009622061035995,0.0009622061035995,2.0719438385935445,1.0358706133421969,3.025488101887314,1.0358706133421969,2.0719438385935445,0.0009622061035995,0.0009622061035995,2.0719438385935445,1.0358706133421969,3.025488101887314,1.0358706133421969,2.0719438385935445,0.1081740090516063,-0.1081740048793781,0.3607578318569955,-0.3607578318569955
159,stage3b,0.077845876620307,0.0580292867064595,0.1267493660975756,0.207752433065564,0.3150546855941463,3.2443189661995887e+69,1.13676912664954e+69,1.5382698567728576e+70,-2.095456155668887e+66,3.2443182894879273e+69,0.0688026575937728,0.0518641971438254,0.1423683929583505,0.1593975345281987,0.1714165247743486,0.0376883733480259,2.259989947932447,2.211253210115197,-2.211253210115197,0.0443780208918581,0.2167659153057785,0.1874054650023493,0.3758541836280455,0.4784451243107251,0.4974821339639539,True,2.4135772076370765,2.3781656012089663,0.0010816557088219,0.0010816557088219,1.928320354118467,1.0281888604731908,2.780698191579547,1.0281888604731908,1.928320354118467,0.0010816557088219,0.0010816557088219,1.928320354118467,1.0281888604731908,2.780698191579547,1.0281888604731908,1.928320354118467,0.1077818191546187,-0.1077817860683823,0.3110952269436823,-0.3110952269436823
160,stage3b,0.0390643895424128,0.027777781167783,0.0934678987398522,0.1099904014767426,0.1124325791268714,3.2443321558192416e+69,1.1367737481888611e+69,1.5382761172062645e+70,-2.095470219095912e+66,3.2443314791012472e+69,0.0506418146525423,0.0371174764597841,0.1230411783573732,0.142778948319483,0.1476739702045142,0.0402706570539702,2.332772971467713,2.271560783420524,-2.271560783420524,0.0446038440927204,0.1826827159813131,0.1465196886692973,0.343123967045053,0.4200193507487785,0.5113557053377189,True,2.4194813190774505,2.3752618062436355,0.0011187075311641,0.0011187075311641,1.8900844512128192,1.0262833074307836,2.7152398868695333,1.0262833074307836,1.8900844512128192,0.0011187075311641,0.0011187075311641,1.8900844512128192,1.0262833074307836,2.7152398868695333,1.0262833074307836,1.8900844512128192,0.1167964248530079,-0.1167964195011968,0.297657630458962,-0.297657630458962
161,stage3b,0.0409363759417241,0.0313456433794673,0.09063169772591,0.1041981191134429,0.1063430867181727,3.2443326107546097e+69,1.1367739075942107e+69,1.5382763330966578e+70,-2.0954706648446147e+66,3.2443319340364226e+69,0.0545347763633777,0.0420265182947506,0.1218023893567243,0.1449539474595091,0.1451177149252511,0.0406892427041951,2.391802269309564,2.3260456010047337,-2.3260456010047337,0.0448520639468855,0.1974802085959499,0.1602453912181411,0.3748445474484982,0.4499323582114778,0.5378342266222602,True,2.473847085892092,2.425022893544732,0.0010513706443191,0.0010513706443191,1.9617932161591305,1.0298943808639585,2.837841316942162,1.0298943808639585,1.9617932161591305,0.0010513706443191,0.0010513706443191,1.9617932161591305,1.0298943808639585,2.837841316942162,1.0298943808639585,1.9617932161591305,0.1174247772322194,-0.1174248073232798,0.3227942227969621,-0.3227942227969621
162,stage3b,0.047240340493878,0.0368284627038374,0.0863977187935876,0.1072639375493883,0.1081675641762289,3.244334185779982e+69,1.1367744594730623e+69,1.5382770809348042e+70,-2.0954725561080278e+66,3.2443335090609023e+69,0.0596871523071422,0.0464823499405184,0.1254030181591652,0.1492140035536039,0.1547546372765422,0.0412894281958779,2.4228430699073598,2.353487961677941,-2.353487961677941,0.0453865809385635,0.1835022933750974,0.1490365178803599,0.3580882181795042,0.4098385450878923,0.4603824194878068,True,2.5005755104768714,2.449470207042532,0.001123821855397,0.001123821855397,1.884920692238801,1.0260358169003376,2.706413218125195,1.0260358169003376,1.884920692238801,0.001123821855397,0.001123821855397,1.884920692238801,1.0260358169003376,2.706413218125195,1.0260358169003376,1.884920692238801,0.1176005812416136,-0.1176005781531702,0.2958341323667351,-0.2958341323667351
163,stage3b,0.0555351412732645,0.0419979759059831,0.102270555676451,0.1136664756940652,0.1168740351551584,3.2443443107001907e+69,1.1367780071864646e+69,1.5382818890072385e+70,-2.095485255326341e+66,3.2443436339750204e+69,0.0649500179236207,0.0510439772181712,0.134763053785844,0.1600946583784677,0.1610147921440248,0.0420722204961933,2.4585359344240505,2.3879485643259546,-2.3879485643259546,0.0462460242395068,0.2035560054724373,0.1662801769301026,0.3890808134935187,0.4578966532293812,0.5359755507444026,True,2.5345454986750684,2.483892297034557,0.001157873251291,0.001157873251291,1.8520449825368164,1.0244664896128373,2.6500650682558136,1.0244664896128373,1.8520449825368164,0.001157873251291,0.001157873251291,1.8520449825368164,1.0244664896128373,2.6500650682558136,1.0244664896128373,1.8520449825368164,0.1171117366846544,-0.1171117224800572,0.2842002503635616,-0.2842002503635616
164,stage3b,0.0571057073783921,0.0470496861058053,0.0978123514574627,0.1067655443344425,0.1086487019886635,3.2443324715279603e+69,1.1367738588277542e+69,1.5382762689411288e+70,-2.0954721187635307e+66,3.2443317948088046e+69,0.0861958312545156,0.073616506788759,0.1435412478379456,0.1600329360433448,0.1610237326051025,0.0399862423787994,2.4006858409963736,2.3448255995456018,-2.3448255995456018,0.0466466723220347,0.2322010002727385,0.1943313833517733,0.4166930674729689,0.4987736116367002,0.607721140114891,True,2.544257444456687,2.502226351286319,0.0009123747433299,0.0009123747433299,2.142813100747059,1.0399775789567736,3.145835146931258,1.0399775789567736,2.142813100747059,0.0009123747433299,0.0009123747433299,2.142813100747059,1.0399775789567736,3.145835146931258,1.0399775789567736,2.142813100747059,0.1102422377504352,-0.1102422428611619,0.3847366213315867,-0.3847366213315867
165,stage3b,0.0567741350084926,0.0460747727301811,0.1000053980247588,0.1151695058537217,0.1175048707769466,3.24433015945208e+69,1.1367730486909231e+69,1.5382751711221086e+70,-2.0954693258776987e+66,3.2443294827342464e+69,0.086900145948276,0.073603948697114,0.1600404033532443,0.1669818096570925,0.1715820621297499,0.040124805089432,2.4067485063823373,2.351716163279737,-2.351716163279737,0.0469871823604122,0.2403866516356503,0.2012796385003355,0.4267529575063409,0.5195490916353268,0.6342194630245208,True,2.554604594346367,2.5131415507416124,0.0008560591771733,0.0008560591771733,2.2326697347460227,1.045476127973949,3.298094401019388,1.045476127973949,2.2326697347460227,0.0008560591771733,0.0008560591771733,2.2326697347460227,1.045476127973949,3.298094401019388,1.045476127973949,2.2326697347460227,0.1100251706309335,-0.1100251827507051,0.4146075396661163,-0.4146075396661163
166,stage3b,0.0562385720009422,0.0462681487224719,0.0984303383747879,0.1128286355862183,0.1138044010420533,3.2443300657470734e+69,1.1367730158594904e+69,1.538275126872762e+70,-2.095469415408785e+66,3.2443293890291618e+69,0.0866969862092808,0.0733685640574402,0.1540196206333595,0.1660911047165989,0.1679471758199595,0.0403515182288596,2.4151663242170107,2.3623166713082107,-2.3623166713082107,0.047186045867436,0.2402554653481195,0.2012068734702086,0.428929287082694,0.5174237742372556,0.6325466687417549,True,2.5623655677602217,2.522273258767992,0.0011666990151887,0.0011666990151887,1.843855582748564,1.024081708267485,2.6360071825586875,1.024081708267485,1.843855582748564,0.0011666990151887,0.0011666990151887,1.843855582748564,1.024081708267485,2.6360071825586875,1.024081708267485,1.843855582748564,0.1099049314228537,-0.1099049882225174,0.281293970781092,-0.281293970781092
167,stage3b,0.063122503551014,0.0549611346799956,0.0956021302195835,0.1239211210793732,0.152015657972701,3.2443329698686693e+69,1.1367740334566309e+69,1.538276507047285e+70,-2.095473952672869e+66,3.2443322931484336e+69,0.0950696025814196,0.0809076164167433,0.1579131522242534,0.1796445272600661,0.1942826676219752,0.0404049826631791,2.4238456853114903,2.373916016439966,-2.373916016439966,0.0473590457173633,0.2466948775928341,0.2040193615299639,0.4293640853089198,0.6099299265807425,0.6405006520297043,True,2.5751829506055546,2.536282020142496,0.0009404556947917,0.0009404556947917,2.102096988682772,1.0375853873158027,3.076685810393536,1.0375853873158027,2.102096988682772,0.0009404556947917,0.0009404556947917,2.102096988682772,1.0375853873158027,3.076685810393536,1.0375853873158027,2.102096988682772,0.1092286185034163,-0.1092285645786787,0.3710107694475316,-0.3710107694475316
168,stage3b,0.0580106484868548,0.0480927251235385,0.1016828869390518,0.1074424522664899,0.1078851735261769,3.2443300750691955e+69,1.1367730191298782e+69,1.5382751317406466e+70,-2.095469791723241e+66,3.2443293983510436e+69,0.0910318388730622,0.0775768939134037,0.162548284988429,0.1662807430319329,0.167253311969528,0.0405323870785076,2.448193178546974,2.396172251073029,-2.396172251073029,0.0474682338245678,0.2457976252087954,0.2065784519181429,0.4398558230586559,0.5318543089807716,0.6537342089277525,True,2.598339783143397,2.557702820656741,0.0010167001160411,0.0010167001160411,2.002306299565316,1.0320361316225932,2.90696057992135,1.0320361316225932,2.002306299565316,0.0010167001160411,0.0010167001160411,2.002306299565316,1.0320361316225932,2.90696057992135,1.0320361316225932,2.002306299565316,0.1098697697856144,-0.1098697455074149,0.3368503393616314,-0.3368503393616314
169,stage3b,0.0623908834512315,0.0508267084825074,0.1095680034267467,0.1152692566296267,0.119777967356025,3.2443381042760524e+69,1.1367758325083724e+69,1.538278943604705e+70,-2.095479028338129e+66,3.2443374275536087e+69,0.0992459636445284,0.0841586271626494,0.1679518070136252,0.1894977348946696,0.2004626538073495,0.0403679532620811,2.5024807936535574,2.4450245305785887,-2.4450245305785887,0.0474852183167965,0.2561597819896936,0.2147487842748562,0.4490267511218502,0.5638060370165688,0.6982622903938598,True,2.656603920717599,2.611182510160273,0.001154524235897,0.001154524235897,1.8552591040354869,1.024613875155283,2.6555603746586143,1.024613875155283,1.8552591040354869,0.001154524235897,0.001154524235897,1.8552591040354869,1.024613875155283,2.6555603746586143,1.024613875155283,1.8552591040354869,0.1095673763512413,-0.1095674592662293,0.2853417269115897,-0.2853417269115897
170,stage3b,0.0599390853739662,0.0491491368469836,0.1051458157880658,0.1140959292876494,0.1175625553584329,3.2443319821034007e+69,1.1367736873409783e+69,1.5382760370509577e+70,-2.0954719411921076e+66,3.244331305384258e+69,0.0948842381775554,0.0809164632233939,0.1543896971883394,0.1911154994067985,0.2166439324029854,0.0405561426598673,2.485277278257816,2.430087280562241,-2.430087280562241,0.0475082816388974,0.2515899072050952,0.2111689799432563,0.4447902594683943,0.5493114747600721,0.6727429364841742,True,2.635259623649333,2.59186484751512,0.000909146354908,0.000909146354908,2.1477278518991554,1.04026659669738,3.154154508512667,1.04026659669738,2.1477278518991554,0.000909146354908,0.000909146354908,2.1477278518991554,1.04026659669738,3.154154508512667,1.04026659669738,2.1477278518991554,0.1100837269108797,-0.110083744134232,0.3863889807744938,-0.3863889807744938
171,stage3b,0.0636334136808916,0.0516990491061481,0.1081409945468758,0.1212916279964856,0.1225633724504546,3.2443414203674422e+69,1.1367769944470752e+69,1.5382805182803393e+70,-2.095483140671972e+66,3.244340743643035e+69,0.0992995490571469,0.0853162219279908,0.1589227885637018,0.1922946334673574,0.2085792635203489,0.0406523976594634,2.5161480504502767,2.457905913829831,-2.457905913829831,0.0475632539812804,0.2553215293040641,0.2129080520965434,0.45871632079971,0.5650390370151308,0.6986509168713377,True,2.6644956791670995,2.6185060027033864,0.00097296395346,0.00097296395346,2.057631089603168,1.0350634199796296,3.0011371451516404,1.0350634199796296,2.057631089603168,0.00097296395346,0.00097296395346,2.057631089603168,1.0350634199796296,3.0011371451516404,1.0350634199796296,2.057631089603168,0.1098051866155148,-0.1098051734718239,0.3558735160888267,-0.3558735160888267
172,stage3b,0.0660228955846212,0.0538590396354541,0.1110827579121369,0.1240708814217145,0.1263047617654253,3.2443415748441115e+69,1.1367770485741329e+69,1.5382805915614253e+70,-2.095483272462175e+66,3.2443408981196515e+69,0.1031674248317012,0.0885970813296846,0.1667537446736464,0.2066589413931486,0.2394206000649656,0.0405585268141055,2.527584863488914,2.4690421965221496,-2.4690421965221496,0.047467035144557,0.2582598802509504,0.2153564535195924,0.4675483398013177,0.5714260656536108,0.7057831365440421,True,2.67647221412411,2.629918338502724,0.0011561499405728,0.0011561499405728,1.8536807673308529,1.0245423718288398,2.652866179448442,1.0245423718288398,1.8536807673308529,0.0011561499405728,0.0011561499405728,1.8536807673308529,1.0245423718288398,2.652866179448442,1.0245423718288398,1.8536807673308529,0.1099242703819906,-0.1099242645713602,0.2847808905676493,-0.2847808905676493
173,stage3b,0.0722804124164075,0.0638026686999875,0.1114729218853282,0.1173914987205507,0.117891534046433,3.244338066892476e+69,1.1367758194152612e+69,1.5382789265035677e+70,-2.0954795209854866e+66,3.2443373901697064e+69,0.1066939081417793,0.0893899670221514,0.1829220888722818,0.1990347790709296,0.2119590595224192,0.0407897065134328,2.539764558014176,2.4827230768158897,-2.4827230768158897,0.0477475126457843,0.2604585497671812,0.2217233557000958,0.4459250116464474,0.552185061423915,0.6846099936614678,True,2.6912778545156173,2.643955252028422,0.0011291249798499,0.0011291249798499,1.879730848645068,1.02578135268737,2.6975081208510203,1.02578135268737,1.879730848645068,0.0011291249798499,0.0011291249798499,1.879730848645068,1.02578135268737,2.6975081208510203,1.02578135268737,1.879730848645068,0.1089367151275818,-0.1089367361382488,0.2940029859496568,-0.2940029859496568
174,stage3b,0.0639458497113786,0.0523036111726045,0.1091716721385003,0.1220988973639081,0.1265099957538678,3.2443343418834042e+69,1.1367745141940551e+69,1.538277157632052e+70,-2.0954748851496948e+66,3.2443336651628524e+69,0.1014195993152083,0.0866078006753364,0.1715109607959668,0.2047336944608501,0.2406898110664563,0.0408072685002962,2.511469736105022,2.4539829873407983,-2.4539829873407983,0.0477703158877514,0.2606756803606993,0.2186571482783729,0.459596384942025,0.569534484573989,0.6994602110987405,True,2.6609162109930797,2.615171282742037,0.001090378962524,0.001090378962524,1.9191430292261733,1.0277223254620544,2.7649818877181387,1.0277223254620544,1.9191430292261733,0.001090378962524,0.001090378962524,1.9191430292261733,1.0277223254620544,2.7649818877181387,1.0277223254620544,1.9191430292261733,0.1102343636322566,-0.1102343729436279,0.3078796975542658,-0.3078796975542658
175,stage3b,0.0648384681441198,0.052894095332074,0.1110380458503925,0.1209712225753371,0.1258066666881072,3.2443377250451817e+69,1.1367756996339889e+69,1.538278764172716e+70,-2.09547909559519e+66,3.2443370483226154e+69,0.1024325268435869,0.0881253465254445,0.1694526000188116,0.190011091221903,0.1974320960038982,0.040905384180253,2.52499428795415,2.466531465501239,-2.466531465501239,0.0477960477120067,0.2621219784983507,0.2189519559818339,0.459515882180832,0.5758345764541155,0.7071159874070085,True,2.6724881204380777,2.625814194300463,0.0011244418859533,0.0011244418859533,1.8843181814282848,1.0260058025685828,2.7053776148164976,1.0260058025685828,1.8843181814282848,0.0011244418859533,0.0011244418859533,1.8843181814282848,1.0260058025685828,2.7053776148164976,1.0260058025685828,1.8843181814282848,0.1101122465675983,-0.1101122794597393,0.2956218129536159,-0.2956218129536159
176,stage3b,0.0624330526173677,0.0493191384189367,0.1233311722602852,0.1305163554448406,0.1350849411456103,0.0,0.0,0.0,0.0,0.0,0.0733564894789766,0.0626309383859486,0.1327326189110027,0.1666231522533728,0.1709335512844239,0.0440958716469962,2.5473536712695943,2.479020693634162,-2.479020693634162,0.0479038962944116,0.2342185770591167,0.1890479350654854,0.4373555509120261,0.5398842929687182,0.6467705102873174,True,2.613177399256825,2.5633195790510115,0.0011316698038713,0.0011316698038713,1.8771520417302976,1.0256617689856156,2.693111675686209,1.0256617689856156,1.8771520417302976,0.0011316698038713,0.0011316698038713,1.8771520417302976,1.0256617689856156,2.693111675686209,1.0256617689856156,1.8771520417302976,0.1158058287192411,-0.1158057935166052,0.2930897520351756,-0.2930897520351756
177,stage3b,0.0734879912151025,0.0617820272273061,0.1206697989249501,0.1332922309740578,0.1350086364864033,2.6172142339216808e+64,9.170536200866248e+63,1.2426194733566356e+65,3.092393041207561e+61,2.617212406998624e+64,0.11269949423598,0.0959892272498351,0.1912028705622575,0.1943103120516426,0.1970154889755533,0.0405331776336391,2.565216325509891,2.499021792274648,-2.499021792274648,0.0479463822540645,0.2727177545875378,0.2303722935366018,0.4690248552674867,0.5942077387231879,0.7383525860525273,True,2.7262774132630816,2.6710468694203957,0.0009460701747221,0.0009460701747221,2.094171395541532,1.0371317002389413,3.06323668600596,1.0371317002389413,2.094171395541532,0.0009460701747221,0.0009460701747221,2.094171395541532,1.0371317002389413,3.06323668600596,1.0371317002389413,2.094171395541532,0.1096061875756474,-0.1096061577663731,0.3683215911120932,-0.3683215911120932
178,stage3b,0.2200416941352263,0.1874485747465846,0.3748495481115715,0.4043427370395811,0.411388959436326,1.7320728848665042e+64,6.06909173165117e+63,8.227461815471962e+64,-2.3628082832547e+61,1.7320712732525733e+64,0.2297711057336016,0.1917133584709168,0.4432322783601821,0.4638437997425436,0.467473278287609,0.0285723573120165,4.363578490427349,4.193556530784569,-4.193556530784569,0.0381458769320174,0.467523057094776,0.3938418124432703,0.7858491773917021,0.8491642443829935,0.9234512944235282,True,4.617718166464338,4.490763515768384,0.0010704798290678,0.0010704798290678,1.9404312824133445,1.0288017758381325,2.801389575755294,1.0288017758381325,1.9404312824133445,0.0010704798290678,0.0010704798290678,1.9404312824133445,1.0288017758381325,2.801389575755294,1.0288017758381325,1.9404312824133445,0.1083636692810799,-0.1083636819256815,0.3153352328993781,-0.3153352328993781
179,stage3b,0.2672505653554886,0.2288005357866879,0.4509872248541441,0.4534597082679094,0.4554635613268702,1.7320398950845933e+64,6.068976135149284e+63,8.227304840958637e+64,-2.362740582264737e+61,1.7320382835323208e+64,0.258874647231813,0.2066702376628585,0.5025964733068328,0.5354612371024069,0.538445874337778,0.0360317080177875,3.331489983313185,3.225552959233222,-3.225552959233222,0.0447508356294412,0.3774479952972526,0.3072429684487089,0.7521348359406194,0.7968878447763138,0.84136253538556,True,3.555558454633862,3.44836445983248,0.0011119400257068,0.0011119400257068,1.896764991324482,1.0266186081724191,2.726717316796224,1.0266186081724191,1.896764991324482,0.0011119400257068,0.0011119400257068,1.896764991324482,1.0266186081724191,2.726717316796224,1.0266186081724191,1.896764991324482,0.1085772340982905,-0.1066008383425187,0.3000083350554749,-0.3000083350554749
180,stage3b,0.1615737108389881,0.1349255531192602,0.2810950545665087,0.3095108824584268,0.3235020991257109,1.7320841429806466e+64,6.069131180562824e+63,8.227515435175668e+64,-2.3628355368095491e+61,1.7320825313400124e+64,0.1680604279857493,0.1382532566185635,0.3305404350171343,0.3718772478193841,0.3793340683104089,0.0362279311452118,3.260149980736909,3.084359399490336,-3.084359399490336,0.046120803969568,0.3613254148237501,0.3009539736435763,0.6140470252372734,0.7212391052835795,0.8614578256069612,True,3.488002516568649,3.333301303830751,0.0011189424074251,0.0011189424074251,1.889776397349922,1.026272681182483,2.714732456443646,1.026272681182483,1.889776397349922,0.0011189424074251,0.0011189424074251,1.889776397349922,1.026272681182483,2.714732456443646,1.026272681182483,1.889776397349922,0.1093342623719523,-0.1093342676973722,0.2975470006660035,-0.2975470006660035
181,stage3b,0.1619527113559232,0.1375706648619499,0.2789502452704977,0.2916888762638385,0.3013771105424199,1.732075996027102e+64,6.069102633248235e+63,8.227476627617473e+64,-2.3628153514530775e+61,1.732074384406424e+64,0.1654336537467489,0.1380800532502803,0.3278438664030387,0.3638490349287986,0.3686769164587469,0.0364769079563158,3.2881533317223863,3.1086123962379366,-3.1086123962379366,0.0463578487624798,0.3526274924227321,0.2924553179106207,0.6035764947805657,0.7248107549907046,0.8755724300052412,True,3.51575827831645,3.355731322236285,0.0011292757844688,0.0011292757844688,1.879462706561257,1.025775603264038,2.6970817346200997,1.025775603264038,1.879462706561257,0.0011292757844688,0.0011292757844688,1.879462706561257,1.025775603264038,2.6970817346200997,1.025775603264038,1.879462706561257,0.1097202971635962,-0.1097203064224521,0.2939050726316829,-0.2939050726316829
182,stage3b,0.1583787463701631,0.1316591581082374,0.2719325522299085,0.3246858946096585,0.3308230042284281,1.7320812999040004e+64,6.0691212182900294e+63,8.227501892802851e+64,-2.3628285315105543e+61,1.7320796882702782e+64,0.1598731275944178,0.1322703872730285,0.3270670884126305,0.3522581318653163,0.3535654114714113,0.0363968288739149,3.3000653332667915,3.122940440428446,-3.122940440428446,0.0465772799443964,0.3643909716445423,0.3055172704709593,0.5891446142175396,0.7201354028009681,0.8862828227153008,True,3.5344302399926706,3.377341003878668,0.001008816088744,0.001008816088744,2.011909727110139,1.0325535763897098,2.9233271175544906,1.0325535763897098,2.011909727110139,0.001008816088744,0.001008816088744,2.011909727110139,1.0325535763897098,2.9233271175544906,1.0325535763897098,2.011909727110139,0.1093555328509747,-0.1093555503023413,0.340166570617945,-0.340166570617945
183,stage3b,0.141293301837567,0.1206836817627991,0.2446829427613548,0.2652419916290284,0.2675926135034987,1.7321095970424905e+64,6.069220372755274e+63,8.227636676717463e+64,-2.3628979832978922e+61,1.7321079853403537e+64,0.1574609776222082,0.1273338039620154,0.2990622842756685,0.3309665048841269,0.3375882270443293,0.036218681444654,3.3687970034617343,3.1854022650735283,-3.1854022650735283,0.0455603023562652,0.3286166430169371,0.2842076424965537,0.5485399421116957,0.6481059952501697,0.7779163289183115,True,3.5844794121115773,3.4217529367597623,0.0010480954271461,0.0010480954271461,1.9654163088328984,1.0300885352316451,2.8440530156427792,1.0300885352316451,1.9654163088328984,0.0010480954271461,0.0010480954271461,1.9654163088328984,1.0300885352316451,2.8440530156427792,1.0300885352316451,1.9654163088328984,0.1091813200442451,-0.1091813372056379,0.3240523387364893,-0.3240523387364893
184,stage3b,0.1513034326764645,0.1285700211007442,0.2667314546297323,0.2788931803509642,0.2912943490131023,1.7320835546676176e+64,6.069129119100507e+63,8.227512634717261e+64,-2.3628342404619462e+61,1.732081943028205e+64,0.1597338233397448,0.1352488119504059,0.3081198984954252,0.3398633395779759,0.3428411524456791,0.035330401715233,3.3581475433410746,3.1877811162849223,-3.1877811162849223,0.0448740862854505,0.3566564904329228,0.3012287450734718,0.5795333788256385,0.6961117315329899,0.8584478207620947,True,3.5825697759582216,3.434158680679257,0.001114501506266,0.001114501506266,1.894219439571204,1.026491091880093,2.7223464906367933,1.026491091880093,1.894219439571204,0.001114501506266,0.001114501506266,1.894219439571204,1.026491091880093,2.7223464906367933,1.026491091880093,1.894219439571204,0.1095084620156431,-0.1095084667348164,0.299112760735466,-0.299112760735466
185,stage3b,0.1410136765717005,0.1187474632529109,0.255650446013874,0.2764058475733384,0.2828053085942121,1.7320869413133044e+64,6.069140986119795e+63,8.227528773528517e+64,-2.3628431903340713e+61,1.7320853296648336e+64,0.1530546218156623,0.1289915615573432,0.2826791772009911,0.3155637471186665,0.3218696992839538,0.0352873566902533,3.326188594947891,3.158225378894096,-3.158225378894096,0.0448329277508002,0.3619025114591699,0.3050306473165716,0.6152409153077079,0.7281071065735711,0.8720166874298725,True,3.54953565957695,3.404913332900267,0.0010851500545601,0.0010851500545601,1.9246453089847904,1.0280004711787012,2.774400087890807,1.0280004711787012,1.9246453089847904,0.0010851500545601,0.0010851500545601,1.9246453089847904,1.0280004711787012,2.774400087890807,1.0280004711787012,1.9246453089847904,0.1094630875017748,-0.1094630910079792,0.3098088228216022,-0.3098088228216022
186,stage3b,0.1435844199652838,0.1198907511055942,0.2616466553283543,0.2793178908250976,0.2804055355168848,1.7320852544395853e+64,6.069135075459071e+63,8.227520767973938e+64,-2.3628414890741192e+61,1.732083642791866e+64,0.1582618156858968,0.1346550101635661,0.3016561726019234,0.3229012570408071,0.3245499209919389,0.0349709037276718,3.3702357328062797,3.2001652706192134,-3.2001652706192134,0.044623699234588,0.3717421951999919,0.3114625773551945,0.6478230208786325,0.7532664344501812,0.8915109093739977,True,3.597109729113832,3.451326738172712,0.0011496284167612,0.0011496284167612,1.8598525075357573,1.0248334203357112,2.66344926942226,1.0248334203357112,1.8598525075357573,0.0011496284167612,0.0011496284167612,1.8598525075357573,1.0248334203357112,2.66344926942226,1.0248334203357112,1.8598525075357573,0.1092467914954249,-0.1092467991360183,0.2869689025103618,-0.2869689025103618
187,stage3b,0.1644512645136204,0.1370434598347375,0.2681942178562691,0.3276507379398375,0.3619277372021603,1.7320904793514816e+64,6.0691533838748194e+63,8.227545666411227e+64,-2.36285525559715e+61,1.7320888676898438e+64,0.1553689748448799,0.1313473144468915,0.2953837234229858,0.3197981496485812,0.3213607119647186,0.0346243235482669,3.3814197705716578,3.223415774708824,-3.223415774708824,0.0443536029420505,0.3809550531490964,0.3356712984570799,0.6371471766474657,0.7004090074274303,0.7607023727049587,True,3.6208506059078496,3.4786642006234403,0.0009900800271083,0.0009900800271083,2.0354163018227185,1.0338318276019005,2.9633409974707243,1.0338318276019005,2.0354163018227185,0.0009900800271083,0.0009900800271083,2.0354163018227185,1.0338318276019005,2.9633409974707243,1.0338318276019005,2.0354163018227185,0.1091733686180459,-0.1091733788405948,0.3482607429902418,-0.3482607429902418
188,stage3b,0.1531159523058199,0.132228724551887,0.2398529810059743,0.241753312383838,0.2418438510115761,1.7320899566357128e+64,6.069151552308256e+63,8.227543183605092e+64,-2.3628545532434013e+61,1.7320883449745468e+64,0.1526691300137858,0.1322614853533925,0.2648345254101869,0.2783879434791103,0.2818475954517501,0.0349834235751764,3.328693891619289,3.168232955642707,-3.168232955642707,0.0445573261945177,0.4274100319874036,0.3525990448313748,0.8158026270530496,0.9225494075809872,1.018615485652405,True,3.547394660353132,3.4174406848132834,0.0008143227765492,0.0008143227765492,2.307052878447975,1.0502725396141692,3.4239237765223307,1.0502725396141692,2.307052878447975,0.0008143227765492,0.0008143227765492,2.307052878447975,1.0502725396141692,3.4239237765223307,1.0502725396141692,2.307052878447975,0.1105192881835867,-0.1105192959430686,0.4388686400801377,-0.4388686400801377
189,stage3b,0.1147064788832462,0.0965855173369747,0.2083990333831575,0.2188402266297584,0.2207742396405805,1.7320750481395738e+64,6.0690993120414634e+63,8.227472143541485e+64,-2.3628155951461524e+61,1.7320734365176813e+64,0.149545567845773,0.1295757144920333,0.255214806728298,0.2895371662804495,0.299353654717059,0.0345479838367728,3.3250933044257773,3.1514071945864286,-3.1514071945864286,0.0444229104187749,0.3836784076498827,0.3169410763478789,0.7290788862853754,0.8392405263050916,0.9556076305648658,True,3.5536111103699186,3.410491136836786,0.0011413717216813,0.0011413717216813,1.8676932340159655,1.0252099770816283,2.6769092844352715,1.0252099770816283,1.8676932340159655,0.0011413717216813,0.0011413717216813,1.8676932340159655,1.0252099770816283,2.6769092844352715,1.0252099770816283,1.8676932340159655,0.1102324699907774,-0.1102326299931351,0.2897438775408264,-0.2897438775408264
190,stage3b,0.1128665195306175,0.0957824654651562,0.1949406720332307,0.2118262622155914,0.2132099894580488,1.7320687143060638e+64,6.069077117970999e+63,8.227441970700588e+64,-2.362799735551651e+61,1.7320671026999125e+64,0.1565967556793398,0.1346850931968195,0.270413644819989,0.3135822071530394,0.31648236471905,0.0340938321227957,3.359488645979744,3.1756332271369287,-3.1756332271369287,0.04413970892943,0.394766799065697,0.3256715946239645,0.7443478612498069,0.8656574957493979,0.9814824390827832,True,3.5922750153258862,3.4418131372633423,0.0009460086176565,0.0009460086176565,2.0941626417830066,1.037136682934107,3.063249471009467,1.037136682934107,2.0941626417830066,0.0009460086176565,0.0009460086176565,2.0941626417830066,1.037136682934107,3.063249471009467,1.037136682934107,2.0941626417830066,0.1105275160645855,-0.1105275085988755,0.3683141604232169,-0.3683141604232169
191,stage3b,0.1100021337447646,0.0930393295291723,0.1931436575501699,0.2013659484293962,0.2043232647247523,1.732058228400459e+64,6.069040374907367e+63,8.227392028350975e+64,-2.362774310370707e+61,1.7320566168192348e+64,0.159814533774538,0.1372582300746885,0.287261024707151,0.3247099238164449,0.327541571099861,0.0341175963401453,3.338660758525537,3.148509907165033,-3.148509907165033,0.0442224423687913,0.4013053465256106,0.3301581221596759,0.7501136405955517,0.8849064731247304,1.0134183188561403,True,3.5711481404155467,3.4159588132968546,0.0011629241099422,0.0011629241099422,1.8473423467683523,1.0242452243880873,2.641993571738745,1.0242452243880873,1.8473423467683523,0.0011629241099422,0.0011629241099422,1.8473423467683523,1.0242452243880873,2.641993571738745,1.0242452243880873,1.8473423467683523,0.1110136065816908,-0.1110135844673508,0.2825317607674306,-0.2825317607674306
192,stage3b,0.1383985517602501,0.1155939053725428,0.2436629099687104,0.289601707033387,0.3324859543356533,1.7320575847039652e+64,6.0690381193267984e+63,8.227388957157239e+64,-2.362772302432385e+61,1.7320559731248812e+64,0.1658588823334736,0.139106846403562,0.2918790268243203,0.3337841779433476,0.3420742761839255,0.0332580023668909,3.4016686936259344,3.197547707868399,-3.197547707868399,0.0438494719309831,0.4662887224616844,0.3875013969938931,0.8672717804991927,1.0123310077633036,1.1471426717904825,True,3.6420053197819695,3.482909822558088,0.0011178007931372,0.0011178007931372,1.8909255589261345,1.0263284639113894,2.7166990559083297,1.0263284639113894,1.8909255589261345,0.0011178007931372,0.0011178007931372,1.8909255589261345,1.0263284639113894,2.7166990559083297,1.0263284639113894,1.8909255589261345,0.1103883243028831,-0.1103883733608355,0.2979523738334786,-0.2979523738334786
193,stage3b,0.1041446258748203,0.0902095339272369,0.1805967772155883,0.2005171107271401,0.2028339904293421,1.732047780061047e+64,6.0690037633244494e+63,8.227342244756303e+64,-2.362747298643869e+61,1.7320461685069497e+64,0.1703723140608062,0.1443480236188847,0.2914854523114953,0.3414725633017669,0.3418342199086508,0.0334090897277999,3.392443580707762,3.1791754795467764,-3.1791754795467764,0.0438753853340338,0.4268948162406672,0.3518969267955179,0.7674428130676956,0.9305567746955806,1.0886905960836757,True,3.63356485663519,3.4603100874392148,0.0009574837573536,0.0009574837573536,2.078356711222568,1.0362332741657374,3.0363862596000044,1.0362332741657374,2.078356711222568,0.0009574837573536,0.0009574837573536,2.078356711222568,1.0362332741657374,3.0363862596000044,1.0362332741657374,2.078356711222568,0.1110311234519013,-0.1110311424193722,0.3629429189988666,-0.3629429189988666
194,stage3b,0.1067767652912925,0.0929940743495812,0.1824771702664636,0.2048321527084859,0.207705505405829,1.7320398852120076e+64,6.068976099371031e+63,8.22730463474977e+64,-2.3627274611203446e+61,1.7320382736776257e+64,0.1759716268272672,0.1487065898610755,0.3112561436591221,0.3482659996916091,0.3537654695520136,0.0333607412324081,3.402432851206182,3.1800736946005537,-3.1800736946005537,0.0438459470089406,0.4336290983037819,0.355292514561449,0.7880141644841863,0.9494298310148136,1.115661401052341,True,3.642315853017436,3.46207282431643,0.0010075982231937,0.0010075982231937,2.0134165123107026,1.0326345183768946,2.925891606341513,1.0326345183768946,2.0134165123107026,0.0010075982231937,0.0010075982231937,2.0134165123107026,1.0326345183768946,2.925891606341513,1.0326345183768946,2.0134165123107026,0.1113217621498145,-0.1113218154052852,0.3406867410393821,-0.3406867410393821
195,stage3b,0.115798704675423,0.0996880888151457,0.2118448171073778,0.2309353524246186,0.231498557694822,1.7320497538613178e+64,6.069010679648016e+63,8.227351651270967e+64,-2.362752557098746e+61,1.7320481423018834e+64,0.1871595516329142,0.1593839960862002,0.3019131968619818,0.3503901180398882,0.3685201112098808,0.0328400433274821,3.4560786817531044,3.224267005335552,-3.224267005335552,0.0435399224969053,0.4520782233339655,0.3736942713632676,0.8333908619671149,0.9764879416186614,1.133083146388505,True,3.7025843665184817,3.5154078975373406,0.0008920930913841,0.0008920930913841,2.173927594371305,1.0418428956989851,3.198584883187205,1.0418428956989851,2.173927594371305,0.0008920930913841,0.0008920930913841,2.173927594371305,1.0418428956989851,3.198584883187205,1.0418428956989851,2.173927594371305,0.1104946233843914,-0.1104946233330698,0.3951502649652534,-0.3951502649652534
196,stage3b,0.1114041633449693,0.0960189040958684,0.1965650409770534,0.2149890187755206,0.2185718997941768,1.732032883683135e+64,6.068951565672823e+63,8.227271282503114e+64,-2.3627100423370154e+61,1.7320312721659997e+64,0.175614228322205,0.1506273541612889,0.3066872985085109,0.3433098225268561,0.345162810220172,0.0338697029772941,3.340439052654249,3.1099987946826637,-3.1099987946826637,0.0444562728190416,0.4287154345352472,0.3511245337525105,0.7804655383492536,0.9341542997204918,1.115969641782712,True,3.579987579537838,3.3907312562336207,0.0008920165298286,0.0008920165298286,2.174022338519487,1.0418500527277887,3.1987529348210297,1.0418500527277887,2.174022338519487,0.0008920165298286,0.0008920165298286,2.174022338519487,1.0418500527277887,3.1987529348210297,1.0418500527277887,2.174022338519487,0.1116224473808012,-0.1116225392507956,0.3951805496123142,-0.3951805496123142
197,stage3b,0.1159410774207998,0.0993965035992435,0.2003590966900212,0.2137761675727202,0.2144252242962201,1.7320608001424566e+64,6.069049385999708e+63,8.227404224023868e+64,-2.362776131181844e+61,1.7320591885611412e+64,0.1932208150824376,0.1625319944738932,0.3124795876141064,0.381754500568914,0.4683719767989451,0.0325796545628773,3.5248427637459927,3.2732125453910994,-3.2732125453910994,0.043331067733601,0.433099975103112,0.3650529730609813,0.7659504499402856,0.9052132548624372,1.0626684869420835,True,3.7730172849147694,3.5675799618474326,0.0008159923181422,0.0008159923181422,2.303920500908945,1.0500669472151218,3.418632810853427,1.0500669472151218,2.303920500908945,0.0008159923181422,0.0008159923181422,2.303920500908945,1.0500669472151218,3.418632810853427,1.0500669472151218,2.303920500908945,0.1098208366459676,-0.1098208070228485,0.4378547036269509,-0.4378547036269509
198,stage3b,0.1383262735770821,0.1186688071274412,0.2455961105915092,0.2708284635528032,0.2745266842598068,1.7320237082604098e+64,6.0689194142779226e+63,8.227227539592703e+64,-2.3626842863831514e+61,1.7320220967698718e+64,0.2163184132789599,0.1838996530404982,0.3401218068532836,0.3749232121405608,0.3952152035363037,0.0313624733282637,3.635653809192507,3.37538733300878,-3.37538733300878,0.0423325107016293,0.4775503914566634,0.3920014817542185,0.8281725587388615,0.991579844422695,1.168971300405313,True,3.8959494702235817,3.685047174111641,0.0008887199288267,0.0008887199288267,2.179162819207753,1.0421647513314651,3.207478408715742,1.0421647513314651,2.179162819207753,0.0008887199288267,0.0008887199288267,2.179162819207753,1.0421647513314651,3.207478408715742,1.0421647513314651,2.179162819207753,0.1106431353919402,-0.1106431625251296,0.3968914461237425,-0.3968914461237425
199,stage3b,0.1439133625604625,0.1223232682178742,0.2656724802822268,0.2997871996108303,0.3054353572253419,1.7320322901262872e+64,6.0689494854166836e+63,8.227268401765005e+64,-2.3627041294316433e+61,1.7320306786166655e+64,0.2320863289872799,0.1932627575888142,0.392743875661611,0.4426243473319242,0.4869994726807638,0.0311370047341919,3.673885945896583,3.391075213230863,-3.391075213230863,0.0422933329567356,0.4956195448140772,0.4087044382095239,0.8429099865994256,1.0082061984160495,1.195883285659483,True,3.937083903475023,3.707304350496864,0.0009424172024069,0.0009424172024069,2.099189605077972,1.0374260270173516,3.0717897515826817,1.0374260270173516,2.099189605077972,0.0009424172024069,0.0009424172024069,2.099189605077972,1.0374260270173516,3.0717897515826817,1.0374260270173516,2.099189605077972,0.1102868056963051,-0.1102868123734737,0.3700187875051641,-0.3700187875051641
200,stage3b,0.2481098215900798,0.1989428543711852,0.4836945449992722,0.5051930432101013,0.505946810677881,1.732058449628153e+64,6.0690411486892894e+63,8.227392876677091e+64,-2.362758789467588e+61,1.7320568380683073e+64,0.1474317699944813,0.1149159776308542,0.2785835502148401,0.3050628065237689,0.3104850686499079,0.0372178236695933,3.33642267482684,3.170587257338494,-3.170587257338494,0.0443683057402867,0.3102571658868815,0.2539477527273434,0.5555553227621273,0.6566793643082232,0.7238089935168768,True,3.5178458698081743,3.3512397890815016,0.0008395222742137,0.0008395222742137,2.261276098817467,1.047295187651535,3.346508270983731,1.047295187651535,2.261276098817467,0.0008395222742137,0.0008395222742137,2.261276098817467,1.047295187651535,3.346508270983731,1.047295187651535,2.261276098817467,0.1142556922448306,-0.1183134455454698,0.4239879269851407,-0.4239879269851407
201,stage3b,0.1762421009386051,0.1379871016806648,0.3411992130700003,0.4202649532260547,0.5250500944940626,1.73205086872881e+64,6.0690145858998845e+63,8.227356922591885e+64,-2.3627520501626627e+61,1.732049257171105e+64,0.2163409123600292,0.1753770602085207,0.4286366378336756,0.4663764578763129,0.5075295141626572,0.0307648876199401,3.690568209743431,3.4223165330812173,-3.4223165330812173,0.0421346841062954,0.5283410884959994,0.4518163572146666,0.7972183413149403,1.02061405131784,1.3072521464758653,True,3.963456477499853,3.7471902143810873,0.0009264618204567,0.0009264618204567,2.121997981756202,1.038751168972166,3.110519454192257,1.038751168972166,2.121997981756202,0.0009264618204567,0.0009264618204567,2.121997981756202,1.038751168972166,3.110519454192257,1.038751168972166,2.121997981756202,0.1100290720192643,-0.1100290881811113,0.3777306109600752,-0.3777306109600752
202,stage3b,0.167228729356529,0.1431368894260211,0.3177596035130916,0.3420635145402353,0.3450464861051205,1.7320245610192854e+64,6.068922402135555e+63,8.227231568644351e+64,-2.362683651153133e+61,1.7320229495304076e+64,0.2602840852706301,0.222407279782415,0.4367336824066514,0.538304800451816,0.592877712641668,0.0298901955427028,3.8687659163793113,3.567481937575656,-3.567481937575656,0.0410719800137075,0.5220048623256388,0.435751831831827,0.7999874892909138,1.0125196498484437,1.2634153200740466,True,4.141918879981254,3.895657703539426,0.001162060168232,0.001162060168232,1.8481504154654336,1.0242827837763444,2.643378877375647,1.0242827837763444,1.8481504154654336,0.001162060168232,0.001162060168232,1.8481504154654336,1.0242827837763444,2.643378877375647,1.0242827837763444,1.8481504154654336,0.1102256778834603,-0.110225682814544,0.2828186978227542,-0.2828186978227542
203,stage3b,0.1635625717204326,0.1379585707861577,0.3132837845998457,0.3396094789323111,0.3422221627637922,1.7320118608062534e+64,6.068877900072839e+63,8.227171083861553e+64,-2.3626531808164142e+61,1.7320102493471246e+64,0.2525407919902228,0.2209610204082286,0.4183615514952885,0.4538213918544059,0.4793565411455001,0.0303409315382226,3.8533868288117152,3.555874097543272,-3.555874097543272,0.0413666497671704,0.5262420484069807,0.4365843491626158,0.7861535630952643,1.0023286845499242,1.2956330194202297,True,4.120214546579886,3.8759179437616673,0.0008847524867342,0.0008847524867342,2.1855111109770773,1.042548580147408,3.2182190530342103,1.042548580147408,2.1855111109770773,0.0008847524867342,0.0008847524867342,2.1855111109770773,1.042548580147408,3.2182190530342103,1.042548580147408,2.1855111109770773,0.1107907923484779,-0.1107907966660213,0.3990075327403949,-0.3990075327403949
204,stage3b,0.1700393684057653,0.1462569967114856,0.3129746808885825,0.3276249095519013,0.3291406726490145,1.7320097718378376e+64,6.068870580048684e+63,8.227161109565532e+64,-2.3626460391836823e+61,1.732008160386507e+64,0.277519700353976,0.2466265192274307,0.4463192059754215,0.4907862977610427,0.5316868857203607,0.0301365048587331,3.8852901870075778,3.548896223248663,-3.548896223248663,0.041517103965086,0.5484166249929275,0.4560761631267965,0.8000048148654026,1.0263599790863782,1.3162123855748655,True,4.151233476083172,3.879759929070764,0.0011458172261988,0.0011458172261988,1.8634402295083856,1.0250064446663891,2.669613780999141,1.0250064446663891,1.8634402295083856,0.0011458172261988,0.0011458172261988,1.8634402295083856,1.0250064446663891,2.669613780999141,1.0250064446663891,1.8634402295083856,0.1103132453112596,-0.1103132608770207,0.2882386340172299,-0.2882386340172299
205,stage3b,0.4480427646189388,0.3835021755579427,0.7092824451669362,0.9853345356998008,1.2792423600439111,1.7319521832218794e+64,6.068668789213382e+63,8.226887113841197e+64,-2.3625301353249067e+61,1.7319505718750737e+64,0.3800553331792378,0.3026303193742201,0.6796726600670269,0.7050338488719016,0.7089547379063861,0.0301811982125367,3.79890788031439,3.616482694594335,-3.616482694594335,0.0413885777226735,0.5639585500535731,0.4710889210238685,0.99370455644045,1.020024750747191,1.0239586205709497,True,4.12134516358011,3.9424712441010055,0.0010383383913019,0.0010383383913019,1.9766100858459668,1.030675469078684,2.86316116628742,1.030675469078684,1.9766100858459668,0.0010383383913019,0.0010383383913019,1.9766100858459668,1.030675469078684,2.86316116628742,1.030675469078684,1.9766100858459668,0.1078990896664139,-0.1060030349153129,0.3279437670981985,-0.3279437670981985
206,stage3b,0.2027207233130809,0.1748044186012683,0.3685535565888447,0.3854909921503074,0.3918997803935209,1.7320037593753826e+64,6.068849511920165e+63,8.227132446749021e+64,-2.3626292454689833e+61,1.7320021479413658e+64,0.304578287135856,0.2698944650557723,0.5162300410183684,0.5475597289720379,0.5771608299025255,0.0298523387453378,3.947208800515678,3.578856669204752,-3.578856669204752,0.0413696900122695,0.5775549567258315,0.4803743637183233,0.8518283536929596,1.067997619768681,1.366795802788651,True,4.216395141979624,3.91593931371829,0.0008896193051006,0.0008896193051006,2.1777809162376767,1.042078690364845,3.2051256267915624,1.042078690364845,2.1777809162376767,0.0008896193051006,0.0008896193051006,2.1777809162376767,1.042078690364845,3.2051256267915624,1.042078690364845,2.1777809162376767,0.1101674277833889,-0.110167436730563,0.3964329880880552,-0.3964329880880552
207,stage3b,0.2340787313817117,0.1975045422329817,0.4090126426633412,0.470956763486215,0.4932381387121634,1.731995180511353e+64,6.068819450840918e+63,8.227091538338e+64,-2.362604369764811e+61,1.731993569103288e+64,0.3553764742411628,0.3116741249437984,0.5779489895575347,0.6818625785512801,0.7248861745894786,0.0297314851932914,3.974102442287061,3.5703193420466586,-3.5703193420466586,0.0415433877166955,0.6217121829131307,0.5232446296152066,0.9066402670615744,1.13333918246308,1.4124174533880662,True,4.246378745309562,3.916051947132299,0.0007750322945348,0.0007750322945348,2.384217746097933,1.055473938943967,3.554280124392436,1.055473938943967,2.384217746097933,0.0007750322945348,0.0007750322945348,2.384217746097933,1.055473938943967,3.554280124392436,1.055473938943967,2.384217746097933,0.1093995311811704,-0.1093995407223644,0.463588198063826,-0.463588198063826
208,stage3b,0.5259408932585242,0.4459103055493104,0.8330645278168205,1.1184601611020448,1.4590407232915634,1.731919608998185e+64,6.068554648126279e+63,8.226732025192636e+64,-2.3624556700899486e+61,1.7319179977226502e+64,0.4347907996351049,0.3450459057374442,0.8189577917337019,0.8415397413294393,0.8424257925927217,0.0299654683785059,3.881805512339318,3.668241781545794,-3.668241781545794,0.0414035946847235,0.607525093710682,0.4840296494383551,1.102203194395611,1.1277295492479484,1.129918148388014,True,4.203164566590864,4.002018289332584,0.0011516578474182,0.0011516578474182,1.8579193141680368,1.0247423837205252,2.660136097874056,1.0247423837205252,1.8579193141680368,0.0011516578474182,0.0011516578474182,1.8579193141680368,1.0247423837205252,2.660136097874056,1.0247423837205252,1.8579193141680368,0.1080502518995656,-0.1043503213001171,0.2862836295153558,-0.2862836295153558
209,stage3b,0.257301783728024,0.2210035247764748,0.4456160098695525,0.4696349783986558,0.4698777446942745,1.7320006379306138e+64,6.068838574040068e+63,8.227117553081477e+64,-2.3626194424784595e+61,1.7319990265070657e+64,0.3512577845981232,0.3037227343546362,0.6176397628215634,0.6746043747584732,0.7273765328819151,0.0293934169482473,4.131426298172021,3.724252619464082,-3.724252619464082,0.0411098782358318,0.6234491339616458,0.5193284844010527,0.9842394469439512,1.1839106424394874,1.459314455504548,True,4.404412986526015,4.070852871873742,0.0007988085962579,0.0007988085962579,2.336625218950082,1.0522396607893785,3.473904414222596,1.0522396607893785,2.336625218950082,0.0007988085962579,0.0007988085962579,2.336625218950082,1.0522396607893785,3.473904414222596,1.0522396607893785,2.336625218950082,0.1098809480963737,-0.1098809524837173,0.4483954896044433,-0.4483954896044433
210,stage3b,0.2940338137769674,0.2452327436302604,0.5346689316585912,0.5730812962435348,0.5801547576383452,1.7320151859877602e+64,6.0688895514827186e+63,8.227186898883976e+64,-2.3626593959123406e+61,1.7320135745232466e+64,0.3486003635923165,0.2959532310116692,0.6482031367219001,0.6817641248908426,0.6860082600718176,0.0292844781980897,4.181460232161709,3.8087136091584415,-3.8087136091584415,0.0409557304388663,0.6008203398076647,0.4984175988293315,1.0277496174575542,1.1945030091143598,1.4233169786679438,True,4.477432329067425,4.155212938727859,0.0008386729579752,0.0008386729579752,2.2627385760364263,1.0473909896932578,3.348993564494325,1.0473909896932578,2.2627385760364263,0.0008386729579752,0.0008386729579752,2.2627385760364263,1.0473909896932578,3.348993564494325,1.0473909896932578,2.2627385760364263,0.1100852613679225,-0.1100852501919702,0.4244637605011035,-0.4244637605011035
211,stage3b,0.2738434919669903,0.2359956146085546,0.4684599407322631,0.4934539463101651,0.4949403592711867,1.7320032039961586e+64,6.068847565770568e+63,8.227129791578279e+64,-2.3626270640913852e+61,1.732001592564601e+64,0.3784854607227315,0.3298822838289527,0.6516443268224611,0.6968593510439,0.7444925734467818,0.0294242744197179,4.2595299413413406,3.83964446975654,-3.83964446975654,0.0412682952207674,0.6466058446781677,0.5377068420064302,1.0192897755683452,1.211044924562109,1.4930539567882155,True,4.533607874724999,4.189145447576425,0.0009725328852141,0.0009725328852141,2.058131503043057,1.0350954355839035,3.002008257619322,1.0350954355839035,2.058131503043057,0.0009725328852141,0.0009725328852141,2.058131503043057,1.0350954355839035,3.002008257619322,1.0350954355839035,2.058131503043057,0.1096756445182707,-0.1096756086540795,0.3560415173626315,-0.3560415173626315
212,stage3b,0.3230611233796159,0.2872890023291007,0.5275175647420767,0.5438915129011941,0.5645740223506184,1.731999386989641e+64,6.068834191104051e+63,8.227111649757622e+64,-2.3626209627170995e+61,1.7319977755628548e+64,0.3278247379511636,0.271182476759718,0.631139039873978,0.6602387838296734,0.6731987843581138,0.030013454642652,4.218272900126818,3.814087230233139,-3.814087230233139,0.0418010468587634,0.6401132779651697,0.5475114073340033,1.0380341839156977,1.2347362531542825,1.5078675342508614,True,4.481580145759136,4.156333441416724,0.0007757467528845,0.0007757467528845,2.382780010992037,1.0553733075000569,3.551842684944784,1.0553733075000569,2.382780010992037,0.0007757467528845,0.0007757467528845,2.382780010992037,1.0553733075000569,3.551842684944784,1.0553733075000569,2.382780010992037,0.1113869034995862,-0.1113869094500343,0.4631338098224871,-0.4631338098224871
213,stage3b,0.2908234336268235,0.249619888393941,0.5080257226905918,0.5116350323907859,0.5127587647321477,1.731979713048615e+64,6.068765252095491e+63,8.227017857686056e+64,-2.3625658604103446e+61,1.7319781016786893e+64,0.3923201869200409,0.3398250418560463,0.6792102923614287,0.7052953047479302,0.7123051345416069,0.0301232583332221,4.234957020927044,3.7851754701237112,-3.7851754701237112,0.0421784379429334,0.658868641293604,0.5484993758110845,1.051389233191628,1.2502659215461955,1.5251882520734936,True,4.508343322064802,4.133094895348884,0.0008276721632495,0.0008276721632495,2.2824676105118216,1.0486631454793205,3.3823534919467613,1.0486631454793205,2.2824676105118216,0.0008276721632495,0.0008276721632495,2.2824676105118216,1.0486631454793205,3.3823534919467613,1.0486631454793205,2.2824676105118216,0.1100900038620929,-0.1100900091583444,0.4308968818607253,-0.4308968818607253
214,stage3b,0.3061626994804226,0.2627628650563017,0.5191831926458508,0.5459046335450107,0.5514700885235966,1.7319868302858106e+64,6.068790191226326e+63,8.227051759172424e+64,-2.3625834037561027e+61,1.731985218898576e+64,0.4025491067429763,0.3439868215307722,0.7334310437346208,0.747283003377006,0.7475582932142979,0.0302726490654291,4.2254011537476055,3.762530855264133,-3.762530855264133,0.0423558774966634,0.6653942715983666,0.551597211673922,1.0965307669481348,1.2786662524198285,1.5274097631871673,True,4.498822766857116,4.109722165452072,0.0007055756896652,0.0007055756896652,2.541171620234631,1.0667341696422952,3.8189477943725625,1.0667341696422952,2.541171620234631,0.0007055756896652,0.0007055756896652,2.541171620234631,1.0667341696422952,3.8189477943725625,1.0667341696422952,2.541171620234631,0.1100766934541535,-0.1100766943122402,0.5124654050858423,-0.5124654050858423
215,stage3b,0.5892500778561504,0.4969365221859652,1.0460508022493,1.0961850427777713,1.1025359553475735,1.7320443993163496e+64,6.068991918502228e+63,8.227326334401649e+64,-2.3627550441372755e+61,1.7320427877485405e+64,0.4900447578141124,0.4154770901553518,0.8972947026851008,0.9261065927358172,0.9326053274094992,0.0308494645716294,4.008320888612839,3.8232732547704975,-3.8232732547704975,0.042805833337596,0.6858355870615251,0.5452508180036025,1.3063022019439303,1.339465154614257,1.3569810806031768,True,4.3618433328318735,4.1616970596973815,0.0008573389453846,0.0008573389453846,2.230472125751493,1.0453392822296532,3.294382530290488,1.0453392822296532,2.230472125751493,0.0008573389453846,0.0008573389453846,2.230472125751493,1.0453392822296532,3.294382530290488,1.0453392822296532,2.230472125751493,0.1086459186958137,-0.1086870535119571,0.4138827572622544,-0.4138827572622544
216,stage3b,0.3667205012287727,0.30882368044393,0.6085002968520601,0.6899110699716784,0.7932348621542454,1.7319496870267087e+64,6.068660039432397e+63,8.226874824232842e+64,-2.3624909486112468e+61,1.7319480757310342e+64,0.4438916532123271,0.3579389536089824,0.764968696050671,0.9967631587806836,1.0434257948947332,0.0308547374880205,4.238404709775291,3.80320305680547,-3.80320305680547,0.0431455819624858,0.6862711496186306,0.5670601083187885,1.1727615014911876,1.3565935495265091,1.6115380248310842,True,4.542294430953439,4.1499019918138815,0.0011452764255181,0.0011452764255181,1.8639828251860264,1.0250307503320382,2.670537199706345,1.0250307503320382,1.8639828251860264,0.0011452764255181,0.0011452764255181,1.8639828251860264,1.0250307503320382,2.670537199706345,1.0250307503320382,1.8639828251860264,0.1105428522705003,-0.1105428383769293,0.2884314131876186,-0.2884314131876186
217,stage3b,0.3199094310854449,0.2740832775627937,0.5500516688937229,0.5582045284317619,0.5591920422466394,1.7319797511971825e+64,6.068765385663178e+63,8.227018025334709e+64,-2.3625647836111555e+61,1.7319781398287617e+64,0.4139781005694803,0.3521903365227254,0.7421988804344446,0.7586002232611613,0.760802199792673,0.0302457448362303,4.266666681527202,3.7910132110131993,-3.7910132110131993,0.0426127008533687,0.6806812448543791,0.5639030976819843,1.122134773619048,1.3047392549618713,1.5586388583462938,True,4.544959824578081,4.145468368397495,0.0008453223734235,0.0008453223734235,2.251077527203844,1.0466451502108756,3.329263487601142,1.0466451502108756,2.251077527203844,0.0008453223734235,0.0008453223734235,2.251077527203844,1.0466451502108756,3.329263487601142,1.0466451502108756,2.251077527203844,0.1099931076374953,-0.1099931114215927,0.4206485804860217,-0.4206485804860217
218,stage3b,0.500080110629918,0.4293781237474803,0.8037875686162659,0.8584722273764657,0.8658056137545942,1.7319930952380654e+64,6.068812145671729e+63,8.227081833182658e+64,-2.362618176291504e+61,1.731991483809227e+64,0.4244365194467115,0.3379758466506443,0.8294722726679504,0.8540990807750395,0.855565510715742,0.0310908904923035,4.139239645395054,3.8576353160425145,-3.8576353160425145,0.0427277549537971,0.6317408702622193,0.519804549848361,1.1528300762282466,1.2358305986748404,1.3294697137172662,True,4.439192711765905,4.185888277519509,0.0008448400191823,0.0008448400191823,2.251967305997099,1.046699199870016,3.3307541933461207,1.046699199870016,2.251967305997099,0.0008448400191823,0.0008448400191823,2.251967305997099,1.046699199870016,3.3307541933461207,1.046699199870016,2.251967305997099,0.1103162151589519,-0.1103162136667036,0.4209428415425872,-0.4209428415425872
219,stage3b,0.3253477878014746,0.2792103037412397,0.5539823618800609,0.5688635241565893,0.5780468030219215,1.731986032948313e+64,6.06878739718971e+63,8.227047944214649e+64,-2.3625800235594556e+61,1.731984421564948e+64,0.428952966031946,0.3650528868851672,0.7797738078623118,0.7960399253831854,0.7969955671080893,0.0304792312246443,4.376158902615653,3.889452164056516,-3.889452164056516,0.0428250509345779,0.693568137062281,0.5739695515593946,1.1458739064852417,1.3332069506440174,1.5811506259071475,True,4.651335202293994,4.241079390290891,0.000980675007245,0.000980675007245,2.047497991147924,1.0345008726672342,2.983909052528768,1.0345008726672342,2.047497991147924,0.000980675007245,0.000980675007245,2.047497991147924,1.0345008726672342,2.983909052528768,1.0345008726672342,2.047497991147924,0.1099855575713438,-0.1099855596461411,0.3524039411170492,-0.3524039411170492
220,stage3b,0.3085226160251095,0.269787088395313,0.5566445282340222,0.5976363618719673,0.5997267558507791,1.732055237044528e+64,6.0690298914020495e+63,8.227377561361145e+64,-2.362748768376684e+61,1.7320536254953638e+64,0.389452438792057,0.3282426206748113,0.7160103076735398,0.744273841864044,0.7509939474338729,0.030698595551932,4.505857018230089,3.996863352070064,-3.996863352070064,0.0427062718169025,0.6178797004306423,0.5187179904308985,1.0582324926497917,1.186133595179687,1.3507306690451903,True,4.766858016774775,4.338036677842926,0.0009789469116503,0.0009789469116503,2.0497525295236803,1.034625821484806,2.987743453911503,1.034625821484806,2.0497525295236803,0.0009789469116503,0.0009789469116503,2.0497525295236803,1.034625821484806,2.987743453911503,1.034625821484806,2.0497525295236803,0.1087521884126226,-0.1087521905389038,0.3531763952674505,-0.3531763952674505
221,stage3b,0.3390198259988258,0.2914579127466107,0.5741444934600111,0.5851872858826731,0.5901123176112026,1.7319852499454964e+64,6.068784653482756e+63,8.227044210790832e+64,-2.3625777805732495e+61,1.7319836385644625e+64,0.4370470755203642,0.3669665479121889,0.8007782195987421,0.8328726715001223,0.8611144929864629,0.0310443183682026,4.2485484700677,3.733146211297453,-3.733146211297453,0.0436249860754902,0.6958795805320642,0.5752899378484929,1.1805709115776608,1.3550983354907198,1.5957529255239464,True,4.523220670179961,4.08510806397983,0.0007743053724369,0.0007743053724369,2.3857515229742394,1.0555779288451674,3.556859181837045,1.0555779288451674,2.3857515229742394,0.0007743053724369,0.0007743053724369,2.3857515229742394,1.0555779288451674,3.556859181837045,1.0555779288451674,2.3857515229742394,0.110089502988879,-0.1100895051242021,0.4640769420535773,-0.4640769420535773
222,stage3b,0.3440144690396717,0.2941548878135869,0.5881309535122367,0.6197357763944226,0.6208483960005946,1.731987081938453e+64,6.068791072911344e+63,8.227052942367288e+64,-2.3625827344719273e+61,1.7319854705523658e+64,0.4357450450411924,0.364411009072472,0.7965568477607823,0.8303813356388661,0.8333292173861748,0.0311647876897231,4.249485611776101,3.73511318284148,-3.73511318284148,0.0438367439242022,0.7008181414787631,0.5764385225951407,1.200095344962862,1.3806592797681472,1.6250357918621416,True,4.528037137051316,4.088121272929636,0.0008737371590838,0.0008737371590838,2.203228799499371,1.043639602929878,3.248246855925113,1.043639602929878,2.203228799499371,0.0008737371590838,0.0008737371590838,2.203228799499371,1.043639602929878,3.248246855925113,1.043639602929878,2.203228799499371,0.1102475401524785,-0.1102475402973624,0.4048867454928673,-0.4048867454928673
223,stage3b,0.3467344569140765,0.2960810867817153,0.5925732096823636,0.6301856205562121,0.6327276600112208,1.7319845997632593e+64,6.068782375190704e+63,8.227041110705844e+64,-2.3625759224628373e+61,1.731982988384155e+64,0.4435320206933494,0.3705401520482043,0.8149065881107891,0.8578369776186504,0.8618185865741408,0.0310818872070101,4.289714886880663,3.772930376691393,-3.772930376691393,0.0438729543934467,0.7145887518392624,0.5883512583840973,1.2267829944314972,1.404739870804553,1.6446098258073318,True,4.571325332948486,4.129564148630512,0.0009480321045707,0.0009480321045707,2.091336544879606,1.0369750671377072,3.058450677094819,1.0369750671377072,2.091336544879606,0.0009480321045707,0.0009480321045707,2.091336544879606,1.0369750671377072,3.058450677094819,1.0369750671377072,2.091336544879606,0.1099128182864725,-0.1099128245258971,0.3673545516412317,-0.3673545516412317
224,stage3b,0.5778073202821957,0.4918008841454881,0.9805421342816704,0.9986878732500568,1.000977041925963,1.7320016751485802e+64,6.0688422102649066e+63,8.22712272640715e+64,-2.362641374403772e+61,1.7320000636960792e+64,0.4599546162050875,0.3652167734771461,0.9048797313007428,0.948960134124961,0.9557305593393846,0.0316657283231031,4.074840927832563,3.814145402142498,-3.814145402142498,0.0438827311050782,0.6725647788840053,0.5024707758740458,1.3326886932120896,1.4285854617641922,1.5220503097435074,True,4.420871671911795,4.15135257581776,0.0009888174538606,0.0009888174538606,2.036955120117522,1.0339208256740635,2.9659814360971244,1.0339208256740635,2.036955120117522,0.0009888174538606,0.0009888174538606,2.036955120117522,1.0339208256740635,2.9659814360971244,1.0339208256740635,2.036955120117522,0.1099347327646921,-0.1099347334386856,0.3487859941967067,-0.3487859941967067
225,stage3b,0.6801333652005499,0.5779576177376582,1.1465675978454644,1.183164060229448,1.1846192346202142,1.7319481965715118e+64,6.068654822579817e+63,8.226868512041189e+64,-2.3625514598778724e+61,1.731946585191908e+64,0.5406625239405629,0.4207649932298697,1.0519792844635107,1.0908768438670529,1.092693569854271,0.031529254951526,4.042066359181877,3.832444532505149,-3.832444532505149,0.0441390266537877,0.719760336617268,0.5592814742400896,1.3857117464450717,1.431051342798932,1.4372011779949228,True,4.412574212064677,4.180255879493124,0.0011543410607777,0.0011543410607777,1.855355172345341,1.0246229869375636,2.6557460892438,1.0246229869375636,1.855355172345341,0.0011543410607777,0.0011543410607777,1.855355172345341,1.0246229869375636,2.6557460892438,1.0246229869375636,1.855355172345341,0.1086370202783118,-0.1041080874554497,0.2853739535840636,-0.2853739535840636
226,stage3b,0.3576853277435988,0.2936389545722391,0.6310559286807245,0.65799088040359,0.6701196899164836,0.0,0.0,0.0,0.0,0.0,0.3765796199287312,0.3147774427906654,0.7084929213354316,0.758761954258369,0.7652659966797986,0.0324881816411029,4.149466827641152,3.666683140495653,-3.666683140495653,0.0451430050597271,0.6516470271172073,0.5267949033770228,1.152024609344754,1.3484015446639774,1.6001182133159473,True,4.428508826785933,4.007148485624789,0.000953928169962,0.000953928169962,2.0832503837780485,1.0365097740838067,3.0446941946299653,1.0365097740838067,2.0832503837780485,0.000953928169962,0.000953928169962,2.0832503837780485,1.0365097740838067,3.0446941946299653,1.0365097740838067,2.0832503837780485,0.1121688443683316,-0.1121688539911675,0.3646095101399988,-0.3646095101399988
227,stage3b,0.4993533950120462,0.4009394554450079,1.110154706491252,1.3569813425909978,1.370095901397019,9.175594689381425e+59,3.2151627819077264e+59,4.37192155900923e+60,2.3736154760623565e+57,9.175563988047913e+59,0.5463453312889538,0.4303943553642609,0.9846655694191192,1.3470951075707436,1.5515748252127632,0.0322386983365861,4.15772483790411,3.6319334849647897,-3.6319334849647897,0.0452114667480759,0.7859023797000758,0.665160488141084,1.2941877795785404,1.5782905881072866,1.782163923243604,True,4.473442692945322,3.9819281700728233,0.0010148313877276,0.0010148313877276,2.004525053799156,1.0321579544278294,2.9107550933791897,1.0321579544278294,2.004525053799156,0.0010148313877276,0.0010148313877276,2.004525053799156,1.0321579544278294,2.9107550933791897,1.0321579544278294,2.004525053799156,0.1106976826651522,-0.1106976761787053,0.3376152695461514,-0.3376152695461514
228,stage3b,0.3431240443414011,0.2938452552904281,0.5718992878826537,0.5979828637148454,0.6068553956320901,1.0255141999084118e+59,3.593466783821281e+58,4.89251322194111e+59,3.172799242359207e+56,1.0255092917954267e+59,0.4369710166208588,0.3625056866299799,0.776758573383967,0.8780984430729041,0.998677444002265,0.0322557763569207,4.119618179776007,3.5901360296453477,-3.5901360296453477,0.0453363117124324,0.6854862973525326,0.5660045832262947,1.1727509718437092,1.3605278689536389,1.6125347145474027,True,4.408655060921232,3.942569128649669,0.000815688086388,0.000815688086388,2.3044923716533523,1.0501043498475924,3.419598191321196,1.0501043498475924,2.3044923716533523,0.000815688086388,0.000815688086388,2.3044923716533523,1.0501043498475924,3.419598191321196,1.0501043498475924,2.3044923716533523,0.1104836259124621,-0.110483624572401,0.4380399870569856,-0.4380399870569856
229,stage3b,0.3671459239631913,0.3037743103092166,0.6147841825621132,0.6558780291842717,0.6588244873707012,2.9485456840027917e+59,1.0331817494482016e+59,1.404961821649371e+60,7.677636855645709e+56,2.9485356881923275e+59,0.403929705008634,0.3319834024108235,0.7650711112847945,0.7863437835050587,0.7940546962352624,0.0324171857101799,4.064230699551952,3.581526216571083,-3.581526216571083,0.0454453822957812,0.6788580865254954,0.5516775277753373,1.1882219084381775,1.3788101346288777,1.6275484527048754,True,4.3606835741056695,3.9312787956491473,0.0007794378274783,0.0007794378274783,2.3752014059367217,1.054853838860224,3.5390529281070067,1.054853838860224,2.3752014059367217,0.0007794378274783,0.0007794378274783,2.3752014059367217,1.054853838860224,3.5390529281070067,1.054853838860224,2.3752014059367217,0.1109033613425439,-0.1109033619367648,0.4607242784482704,-0.4607242784482704
230,stage3b,0.3441360591715536,0.2935418314273697,0.5776089254709893,0.6028804821202067,0.6054775631357535,1.4804279883094322e+59,5.187498361568991e+58,7.058970370063344e+59,4.258775670482235e+56,1.4804218626458135e+59,0.4300043536270788,0.3586485668046463,0.7779618258745007,0.7897477882693836,0.7972131224324137,0.0324171329867705,4.079985646762924,3.545628810815204,-3.545628810815204,0.0455470534695636,0.6946647625818086,0.5705656542286374,1.1751617357738953,1.377763274541578,1.6527405185786437,True,4.363678374124635,3.897722670435012,0.0007953986416321,0.0007953986416321,2.34328711336158,1.0526868636140578,3.485156920052992,1.0526868636140578,2.34328711336158,0.0007953986416321,0.0007953986416321,2.34328711336158,1.0526868636140578,3.485156920052992,1.0526868636140578,2.34328711336158,0.1104785132715713,-0.1104785156359466,0.450533016079298,-0.450533016079298
231,stage3b,0.3397772380698793,0.2897751541932359,0.569811851427116,0.5953193040005017,0.5980629815746337,8.635794684211365e+58,3.0260376015481063e+58,4.120064124652079e+59,2.6806587794896787e+56,8.635753078608957e+58,0.4198852157350478,0.3505471791578081,0.7392216605181314,0.7872221153140394,0.7927001152619972,0.0324144757787164,4.051180558151981,3.5258662799714457,-3.5258662799714457,0.04537244195791,0.6843472994237667,0.5603650314543775,1.15880742663545,1.3619819348872244,1.6309471269809626,True,4.332602959099855,3.8740139328515,0.0010701828803595,0.0010701828803595,1.9407541272103603,1.0288183420000372,2.801941664206299,1.0288183420000372,1.9407541272103603,0.0010701828803595,0.0010701828803595,1.9407541272103603,1.0288183420000372,2.801941664206299,1.0288183420000372,1.9407541272103603,0.11046422331079,-0.1104642610010988,0.3154480570167826,-0.3154480570167826
232,stage3b,0.5072211783938164,0.4527134753350848,0.7685260466924257,0.8363928368922006,0.8364033714479611,4.271879943700596e+58,1.496897052230357e+58,2.0536927515849226e+59,-2.638776223298868e+56,4.27179844320817e+58,0.4667744709520007,0.3792006170244663,0.8941484069020209,0.9304056077275432,0.9321400576285804,0.0328682615665156,3.925822611668296,3.549973210180778,-3.549973210180778,0.0456722015630486,0.7157435238139769,0.6294730501503277,1.196985149327921,1.291829999582517,1.4043662041071894,True,4.202679302685077,3.8903647936972474,0.0010284645618339,0.0010284645618339,1.9882017817321405,1.0312858843191497,2.882925149032419,1.0312858843191497,1.9882017817321405,0.0010284645618339,0.0010284645618339,1.9882017817321405,1.0312858843191497,2.882925149032419,1.0312858843191497,1.9882017817321405,0.1091691329524611,-0.1091691309491494,0.3319668713060552,-0.3319668713060552
233,stage3b,0.3400576057775268,0.2894418127680941,0.5659328428732788,0.5949340034607036,0.6014436275283843,1.0350723540607437e+59,3.626955252950658e+58,4.937091079520093e+59,3.116564540314384e+56,1.0350676621198807e+59,0.4195579819630248,0.3490058233247859,0.7638089407110676,0.7752439831288616,0.7767277981287819,0.0326640777407085,3.988031777625436,3.4620035121190296,-3.4620035121190296,0.0457404205161963,0.6817849971956599,0.5581455988198057,1.146196664818719,1.3508971989899434,1.6229766573818116,True,4.270674857268435,3.810620635526782,0.0007913375343061,0.0007913375343061,2.351308549436133,1.0532268588337643,3.498699827731542,1.0532268588337643,2.351308549436133,0.0007913375343061,0.0007913375343061,2.351308549436133,1.0532268588337643,3.498699827731542,1.0532268588337643,2.351308549436133,0.1105087288065368,-0.1105087414697843,0.4531030809216671,-0.4531030809216671
234,stage3b,0.3268554372605507,0.2833819215969846,0.5324026576146368,0.5487756986653077,0.5504994681549922,4.145464131757754e+59,1.4525792017847099e+59,1.9738481643459558e+60,-9.593799631691146e+56,4.1454530303331964e+59,0.3971449178569712,0.3250696924457795,0.7509702781450489,0.7899284946794128,0.810377894421352,0.0328029390147386,4.031474682418744,3.498150137847334,-3.498150137847334,0.0459871703024441,0.6537969034850621,0.5382604149403544,1.1202359851303445,1.2955676597498091,1.5212385476198935,True,4.303014432617206,3.8479575328132554,0.0008830427429854,0.0008830427429854,2.1881806864370383,1.042715057561067,3.222759713995438,1.042715057561067,2.1881806864370383,0.0008830427429854,0.0008830427429854,2.1881806864370383,1.042715057561067,3.222759713995438,1.042715057561067,2.1881806864370383,0.1095644931262246,-0.1095644905171144,0.3998921263494557,-0.3998921263494557
235,stage3b,0.3364325340439443,0.2875809802183054,0.5634116321587808,0.5875266061630993,0.5913704977993024,8.561004403187375e+58,2.999831514531861e+58,4.08462593737083e+59,2.677926167370099e+56,8.560962519631645e+58,0.4171906261465783,0.3466632942962853,0.746436320365504,0.7870271837225753,0.807474193356226,0.0328286579465534,3.981423756831012,3.454876174518087,-3.454876174518087,0.0460451744163807,0.6797558194759263,0.5572516767041541,1.1427055134400694,1.3494109168305248,1.6210627135750135,True,4.265996545388759,3.805202841520456,0.0008184231530523,0.0008184231530523,2.299399133294658,1.0497699814868395,3.4109900393486914,1.0497699814868395,2.299399133294658,0.0008184231530523,0.0008184231530523,2.299399133294658,1.0497699814868395,3.4109900393486914,1.0497699814868395,2.299399133294658,0.1104096713323105,-0.1104096765985315,0.4363908087925274,-0.4363908087925274
236,stage3b,0.3404871720677603,0.2972562309141698,0.5672062686427948,0.6172581593133326,0.6273201037677715,1.317165757011313e+60,4.61538686462303e+59,6.2736817394654434e+60,-3.218901999124096e+57,1.3171618238140312e+60,0.4141908976542339,0.3523873053231737,0.71291944100415,0.7478671793351699,0.7481996943732696,0.0327451858168431,4.014232503417953,3.451527129606612,-3.451527129606612,0.0456321638319112,0.6546466727404656,0.5595759620982722,1.0913673810930478,1.2435118359158028,1.388249646769319,True,4.284412620109159,3.7950199549242334,0.0010981192698846,0.0010981192698846,1.910947642218615,1.0273192857862037,2.750990399818292,1.0273192857862037,1.910947642218615,0.0010981192698846,0.0010981192698846,1.910947642218615,1.0273192857862037,2.750990399818292,1.0273192857862037,1.910947642218615,0.1109929770211322,-0.1109929714140238,0.3049984719419092,-0.3049984719419092
237,stage3b,0.3132934966744639,0.2734413757632252,0.5108306423943194,0.5466416507799429,0.5498702136564959,2.0649399225268945e+60,7.235605675965352e+59,9.834668090120948e+60,-4.9900825946389216e+57,2.0649338930631838e+60,0.4005711026011289,0.3308765369804549,0.7731559978527098,0.8043952231631624,0.8080530521988702,0.0327326883512112,4.097665951415057,3.527727494384485,-3.527727494384485,0.0457184856605435,0.6244144482151686,0.5230717792292071,1.107675817132065,1.2008574585441545,1.3022206302258352,True,4.370751735539374,3.8735774872885407,0.0010017349171213,0.0010017349171213,2.0206629781888625,1.0330285559753465,2.9382395460335213,1.0330285559753465,2.0206629781888625,0.0010017349171213,0.0010017349171213,2.0206629781888625,1.0330285559753465,2.9382395460335213,1.0330285559753465,2.0206629781888625,0.1084955355147628,-0.1084955357449463,0.3431838084875495,-0.3431838084875495
238,stage3b,0.3298788497651669,0.2819576255813804,0.5679160689269658,0.5815895258426085,0.5880454534795065,5.244637955663899e+58,1.837762147054637e+58,2.5044727697130874e+59,1.8206230598292392e+56,5.244606355023969e+58,0.4100361636909826,0.3402378275171454,0.7591524909478773,0.7679931917250615,0.7699624405601009,0.0326108102417647,3.966258387282421,3.45396343458978,-3.45396343458978,0.045733863780823,0.670277552057925,0.5494580878539573,1.1373886228004393,1.33749007386177,1.601298612407029,True,4.252679740806951,3.804081336905204,0.0011494321345327,0.0011494321345327,1.8599969775969616,1.024842780852906,2.663708549343948,1.024842780852906,1.8599969775969616,0.0011494321345327,0.0011494321345327,1.8599969775969616,1.024842780852906,2.663708549343948,1.024842780852906,1.8599969775969616,0.1104497617062895,-0.1104497694852141,0.2870190482716496,-0.2870190482716496
239,stage3b,0.3243344683631051,0.275823809709086,0.573856391604104,0.5880696162434379,0.5960502372614531,8.910690798856916e+58,3.1222982809498207e+58,4.2383682320722045e+59,-1.692996567460582e+56,8.910674715704506e+58,0.4070741344853683,0.3367500835706712,0.7653561337811396,0.7869700101042089,0.7926278018491306,0.0326038117474368,3.9589373161365535,3.450086123714938,-3.450086123714938,0.0457533092109449,0.6716525769465276,0.5498225489064239,1.1493126682969166,1.3373017316761924,1.5797568194262217,True,4.245010494592013,3.800910737307778,0.0011332533903841,0.0011332533903841,1.8755782034385395,1.0255874564938203,2.690421556238855,1.0255874564938203,1.8755782034385395,0.0011332533903841,0.0011332533903841,1.8755782034385395,1.0255874564938203,2.690421556238855,1.0255874564938203,1.8755782034385395,0.1100537474353494,-0.1100537537342106,0.2925328624271586,-0.2925328624271586
240,stage3b,0.6373929403195222,0.5506616285516649,1.0251632048139945,1.0651396278506151,1.091409178199684,2.9637959028939844e+59,1.0383427260616088e+59,1.444225946604004e+60,3.3405851140170134e+57,2.9636076331256764e+59,0.5301967607251156,0.4289996420290217,1.004458822404283,1.0578528636857871,1.0654989622889293,0.0327608304083936,3.8472869694366154,3.617590606484197,-3.617590606484197,0.0457279401255633,0.705206093504603,0.5681732052467469,1.322770269358596,1.3795321817937851,1.3881092740954353,True,4.194784176434683,3.9625233757047447,0.0009625644070975,0.0009625644070975,2.0714564252659757,1.0358433144866634,3.024660672356112,1.0358433144866634,2.0714564252659757,0.0009625644070975,0.0009625644070975,2.0714564252659757,1.0358433144866634,3.024660672356112,1.0358433144866634,2.0714564252659757,0.1039165962474591,-0.108855773343112,0.3605914796026405,-0.3605914796026405
241,stage3b,0.3288184879439054,0.280026546352177,0.5611527497064968,0.5903379054596192,0.5910962066051311,8.361178118872552e+58,2.929811561402381e+58,3.989412503410452e+59,2.626245198962857e+56,8.361136873603293e+58,0.4166361852181626,0.34414930126522,0.7541437337631978,0.826335392054766,0.8973705817603816,0.0324520246635249,4.005898904024884,3.487746463318887,-3.487746463318887,0.0455721118468208,0.682664587013387,0.5597355864478796,1.1515236754016538,1.3537013726452716,1.6195623347132448,True,4.289674958460794,3.8392805915307577,0.0009782328444141,0.0009782328444141,2.050643542590008,1.0346777655632742,2.9892711720428062,1.0346777655632742,2.050643542590008,0.0009782328444141,0.0009782328444141,2.050643542590008,1.0346777655632742,2.9892711720428062,1.0346777655632742,2.050643542590008,0.1104207517587554,-0.110420742634791,0.3534796825005207,-0.3534796825005207
242,stage3b,0.3271228892398812,0.2803982520073432,0.5451380731677915,0.5694880818788915,0.5744792317877732,5.591126792675812e+58,1.959174625341169e+58,2.669959936068353e+59,1.9433184130960248e+56,5.591093020432753e+58,0.4125470930912291,0.3437867562352319,0.7270911971287388,0.7493694670478102,0.75342968731682,0.0324180898661703,3.987357215627781,3.467472273245333,-3.467472273245333,0.0455080660589872,0.6738105872719744,0.5521081858097202,1.1200507480140818,1.3283266945134535,1.602850754667991,True,4.2724261669107415,3.818608249164282,0.0008159197712087,0.0008159197712087,2.3040403042055773,1.0500756298207612,3.4188399858995595,1.0500756298207612,2.3040403042055773,0.0008159197712087,0.0008159197712087,2.3040403042055773,1.0500756298207612,3.4188399858995595,1.0500756298207612,2.3040403042055773,0.1103790167207985,-0.1103790247929588,0.4378925741261812,-0.4378925741261812
243,stage3b,0.3271587813868379,0.2797163470004213,0.5442116995371391,0.5676484996963773,0.5840893079779541,1.0621729599857324e+59,3.721916316971868e+58,5.066068774379934e+59,3.174551325928415e+56,1.0621682160320611e+59,0.411274508209252,0.3416265823385664,0.7246981773547789,0.7349073720994195,0.7375718580875326,0.0328305280860109,3.961737031192858,3.443462461980209,-3.443462461980209,0.0459500377744549,0.6714707602485049,0.5505980368423398,1.114800439612722,1.3262075787677758,1.615136175681502,True,4.245834566568818,3.791553094752046,0.0008446124249822,0.0008446124249822,2.2523291873505853,1.0467241395824,3.3313769304844536,1.0467241395824,2.2523291873505853,0.0008446124249822,0.0008446124249822,2.2523291873505853,1.0467241395824,3.3313769304844536,1.0467241395824,2.2523291873505853,0.1104954811177177,-0.110495475815694,0.4210594362037079,-0.4210594362037079
244,stage3b,0.3287557728158599,0.2811422012908444,0.5551894596062557,0.5723694173401247,0.5750726937274804,1.3546483755817173e+59,4.746758491468262e+58,6.458895552923365e+59,3.869001030669836e+56,1.3546428504580865e+59,0.4057575762786373,0.3366055624707655,0.7342122777038389,0.7817785976366566,0.7920760749395228,0.0327391916754831,3.936896204806662,3.425199963938209,-3.425199963938209,0.0458007148503083,0.6692374724961564,0.5472537267676363,1.1242415889459831,1.325451585274433,1.6027736107422577,True,4.222403311800059,3.7728078988208487,0.0008327651876889,0.0008327651876889,2.2732800733807443,1.0480683118280034,3.3668169324771497,1.0480683118280034,2.2732800733807443,0.0008327651876889,0.0008327651876889,2.2732800733807443,1.0480683118280034,3.3668169324771497,1.0480683118280034,2.2732800733807443,0.110487829338322,-0.1104878251796504,0.4279053168612116,-0.4279053168612116
245,stage3b,0.3229576567437812,0.277016207644897,0.5350645109829948,0.5580881677553049,0.5655559846663516,5.925144015655519e+57,2.076176593775228e+57,2.851650451914957e+58,3.9252695221398713e+55,5.925013994259952e+57,0.4037202888355252,0.3354982745410277,0.7228620810235169,0.7500633171175046,0.7674931238032103,0.0327979971297667,3.930171296620097,3.413353288132613,-3.413353288132613,0.0459118029948763,0.6625920849647821,0.541790130628449,1.112388176071998,1.3065090567495463,1.5752547417119531,True,4.216110176090308,3.761632518348789,0.0007867187541826,0.0007867187541826,2.360490421475009,1.0538499522489413,3.51421157752458,1.0538499522489413,2.360490421475009,0.0007867187541826,0.0007867187541826,2.360490421475009,1.0538499522489413,3.51421157752458,1.0538499522489413,2.360490421475009,0.1103543726041667,-0.1103543696379293,0.456036566691232,-0.456036566691232
246,stage3b,0.3274551365280875,0.2809150404404725,0.5460835886509692,0.5698794656075921,0.5798253974226075,7.560474037603261e+58,2.6492414812413854e+58,3.607899840458465e+59,2.419154202144774e+56,7.560435334196541e+58,0.4079760467914517,0.3395305320716066,0.7311294321142805,0.752174881888374,0.7607311598129343,0.0328626595429894,3.9208611668969535,3.3982054519410045,-3.3982054519410045,0.0459524447399586,0.6706504052609547,0.5489635927339107,1.1268110151319686,1.3302296006689311,1.61411044743227,True,4.204016800618082,3.745361124167446,0.0007327512585566,0.0007327512585566,2.4763102132155663,1.061971656955143,3.7096385946539936,1.061971656955143,2.4763102132155663,0.0007327512585566,0.0007327512585566,2.4763102132155663,1.061971656955143,3.7096385946539936,1.061971656955143,2.4763102132155663,0.1104516980471616,-0.1104516992715295,0.4924945026314024,-0.4924945026314024
247,stage3b,0.3446763766737181,0.2925834753370628,0.575507986511111,0.6118619365692424,0.6322321503161941,2.8614271361654813e+59,1.0026563703726618e+59,1.363725014788915e+60,7.680117982314271e+56,2.861416829364776e+59,0.4090530432837423,0.3377921560458921,0.7211673308370328,0.8134083395498702,0.9222994155319488,0.0330501242250947,3.90226106019444,3.385563441189298,-3.385563441189298,0.0463174169427659,0.6756686889784442,0.5523204714960026,1.1260054647800803,1.3415144176444875,1.6310603146976206,True,4.190724306177228,3.7350813380363896,0.0009484720732423,0.0009484720732423,2.0907253793893648,1.0369400595721336,3.0574123374386994,1.0369400595721336,2.0907253793893648,0.0009484720732423,0.0009484720732423,2.0907253793893648,1.0369400595721336,3.0574123374386994,1.0369400595721336,2.0907253793893648,0.1105853074588438,-0.1105853045958451,0.3671470361254051,-0.3671470361254051
248,stage3b,0.3286333926351768,0.279736600201322,0.5515154851256661,0.5739298008120954,0.5747540415205936,9.769807911205596e+58,3.423394325103767e+58,4.658842068834415e+59,2.844493315358769e+56,9.769766502206353e+58,0.3975310609549677,0.331406860259059,0.7163121904209016,0.732765795367289,0.7338704877896669,0.0332376125954122,3.871681011231833,3.354815930488217,-3.354815930488217,0.0463974014503857,0.6620871912313202,0.5395846587595607,1.1153851742776464,1.3181540317362357,1.5923111918318913,True,4.15627420778985,3.700220502698173,0.0007527229936231,0.0007527229936231,2.431552749710251,1.0587745256300858,3.634158450834437,1.0587745256300858,2.431552749710251,0.0007527229936231,0.0007527229936231,2.431552749710251,1.0587745256300858,3.634158450834437,1.0587745256300858,2.431552749710251,0.1107973923051398,-0.1107973957331556,0.4785269623959028,-0.4785269623959028
249,stage3b,0.3259351427165724,0.278904015261564,0.5458218854712111,0.5714717830603545,0.5732010302489972,1.5207442320376786e+58,5.328806537168284e+57,7.307557687608855e+58,9.109897918542424e+55,1.5207169457317764e+58,0.4069609520642011,0.3377667146250369,0.7259247318334445,0.7797894209856819,0.8310462588645562,0.0334710368660455,3.872291457630301,3.3426450949196704,-3.3426450949196704,0.0468633785637545,0.6677737130746265,0.5450364547302096,1.1291631983264936,1.3388038793336778,1.6198878420125429,True,4.1584211965359446,3.6912487530499942,0.0008214711856132,0.0008214711856132,2.293769442443867,1.0494011855333292,3.401472084025424,1.0494011855333292,2.293769442443867,0.0008214711856132,0.0008214711856132,2.293769442443867,1.0494011855333292,3.401472084025424,1.0494011855333292,2.293769442443867,0.1105981470669918,-0.1105981404325863,0.4345660339247638,-0.4345660339247638
250,stage3b,0.3530579338960632,0.2969849343188891,0.6263998808912499,0.6487977061563865,0.6567643195105601,1.9006856428652903e+59,6.660020943435747e+58,9.04635086952222e+59,-4.090158261198662e+56,1.9006812419760552e+59,0.4158825506709835,0.3291099814449804,0.8043620097762174,0.8551635140506668,0.8823273616668716,0.0334570807893131,3.825987001929364,3.352311526258599,-3.352311526258599,0.0471076510787601,0.6846090658503462,0.5645843017558093,1.2222501285491916,1.400646752642214,1.6298939883601422,True,4.151892601965146,3.70681466172838,0.0009486486767921,0.0009486486767921,2.090478207034773,1.0369260215128084,3.056992985390852,1.0369260215128084,2.090478207034773,0.0009486486767921,0.0009486486767921,2.090478207034773,1.0369260215128084,3.056992985390852,1.0369260215128084,2.090478207034773,0.1091690382136344,-0.10916903796876,0.3670630082910825,-0.3670630082910825
251,stage3b,0.3216383611227043,0.2734121525097672,0.5382710479678323,0.5721022975837998,0.5735103538734476,3.4322191275051546e+58,1.20268071575461e+58,1.6408086307761111e+59,1.3441527505908417e+56,3.432192807018649e+58,0.3989536720400116,0.3309166239359828,0.7099082210927117,0.7619634488313269,0.8031821540651825,0.0337468879818233,3.8821034558305816,3.349434732145004,-3.349434732145004,0.0472686783955997,0.6681134964725364,0.5455368488262996,1.1190926382506774,1.3470018955743617,1.645977953079922,True,4.169524582036853,3.698542583226498,0.0007931105773652,0.0007931105773652,2.3477795308739737,1.0529898441316818,3.492747006734967,1.0529898441316818,2.3477795308739737,0.0007931105773652,0.0007931105773652,2.3477795308739737,1.0529898441316818,3.492747006734967,1.0529898441316818,2.3477795308739737,0.1107813018845826,-0.1107813013075242,0.4519719899858397,-0.4519719899858397
252,stage3b,0.2931192937713723,0.2529363423127151,0.4389382894435066,0.5290979593839643,0.5438609042954518,1.7262466080557342e+59,6.048795231773054e+58,8.217922653013804e+59,-3.86636216851945e+56,1.7262422782064831e+59,0.351667200277467,0.2961148313747607,0.5952509330517257,0.6464203597740956,0.6607007915995884,0.0346546852438379,3.4349129343019738,2.915833708872892,-2.915833708872892,0.047951140814899,0.6016533489349757,0.4905241465146119,0.9844626077567038,1.19294174903034,1.501445326962524,True,3.716565175802258,3.252254303375677,0.0009696408011179,0.0009696408011179,2.0619966155760165,1.0353100366372925,3.0085721236345875,1.0353100366372925,2.0619966155760165,0.0009696408011179,0.0009696408011179,2.0619966155760165,1.0353100366372925,3.0085721236345875,1.0353100366372925,2.0619966155760165,0.1104744319829641,-0.110474429055082,0.3573638152763409,-0.3573638152763409
253,stage3b,0.2741044330638005,0.2343523005743737,0.4339597245805082,0.5075468355265743,0.5175357401941865,3.5387485378920138e+59,1.2399875333869532e+59,1.6854764397084296e+60,-8.618638114560882e+56,3.5387380425103405e+59,0.3049980246708588,0.2614070633805125,0.5134723238085779,0.5324272437880057,0.5336497993890905,0.0372791879522862,3.0739085688141854,2.579806595894147,-2.579806595894147,0.050811756327126,0.5412542013102487,0.4370552025472705,0.9029343470933728,1.105441795568666,1.404001767251466,True,3.348542678211953,2.900915470140224,0.0008722655016523,0.0008722655016523,2.205684459637669,1.043788747849112,3.252391222201521,1.043788747849112,2.205684459637669,0.0008722655016523,0.0008722655016523,2.205684459637669,1.043788747849112,3.252391222201521,1.043788747849112,2.205684459637669,0.1106988538561298,-0.1106988585164107,0.4057027007564635,-0.4057027007564635
254,stage3b,0.2578208919063874,0.2170544558243778,0.4391642967621703,0.5069706952252518,0.5150982840298519,4.31961808083275e+59,1.5136081445696304e+59,2.0577318667669774e+60,-1.0799264828683644e+57,4.3196045814560815e+59,0.2683054314844504,0.2321635609172581,0.4612908016420824,0.4883214134968087,0.5049071237859623,0.0385665765872853,2.855274393332934,2.375514927281729,-2.375514927281729,0.0523106737550077,0.5121057632115781,0.4101887462169934,0.8557897335019078,1.0710086439821076,1.381940304918774,True,3.128208927181446,2.6916422198336467,0.0008777284780626,0.0008777284780626,2.196721648068145,1.043239490152359,3.237231030280757,1.043239490152359,2.196721648068145,0.0008777284780626,0.0008777284780626,2.196721648068145,1.043239490152359,3.237231030280757,1.043239490152359,2.196721648068145,0.1111812544457115,-0.111181255747719,0.4027282728979479,-0.4027282728979479
255,stage3b,0.2098560444045577,0.1769134287980044,0.4091636003297612,0.4234659727275085,0.4235997970866707,1.4076376692292339e+60,4.932402567449471e+59,6.704499393121476e+60,-3.431549913401756e+57,1.407633486493662e+60,0.2502729088035786,0.2067936131674436,0.4744626299875212,0.4885481332390796,0.4911382315371284,0.0387764023967341,2.9647172443971934,2.4440083477467107,-2.4440083477467107,0.0519234878880756,0.4409370347381285,0.3617746678521071,0.7823685907070739,0.916808159561045,1.099029446402079,True,3.218890631971826,2.746508146623849,0.0008605328902263,0.0008605328902263,2.2250741819361086,1.0450008186854347,3.2852470655984582,1.0450008186854347,2.2250741819361086,0.0008605328902263,0.0008605328902263,2.2250741819361086,1.0450008186854347,3.2852470655984582,1.0450008186854347,2.2250741819361086,0.1086484611916257,-0.1086484621642413,0.4121041192762239,-0.4121041192762239
256,stage3b,0.2575921619967618,0.2182713579625621,0.4130321357045871,0.4836967074984107,0.4936901491765759,3.5913076258139586e+59,1.2584057198403348e+59,1.71077054163846e+60,-8.96433124737617e+56,3.5912964377776977e+59,0.2790272180216637,0.2419047274472472,0.462167397211676,0.4765338578317033,0.4856312192560361,0.0378195844944015,2.9437294719830582,2.469373628096033,-2.469373628096033,0.0510692442192357,0.5080747597268603,0.4092883119776607,0.8396009752765354,1.0492545680677472,1.3468328314748508,True,3.211022869471798,2.7806960746534664,0.0010612900016236,0.0010612900016236,1.9505703898978493,1.029320266377168,2.818706029494539,1.029320266377168,1.9505703898978493,0.0010612900016236,0.0010612900016236,1.9505703898978493,1.029320266377168,2.818706029494539,1.029320266377168,1.9505703898978493,0.1112803011647001,-0.111280302912316,0.3188776928908614,-0.3188776928908614
257,stage3b,0.2519802941490072,0.2102571689390807,0.4420459810874764,0.5066556613448272,0.5135907230800921,9.461034134710594e+59,3.3151730659954842e+59,4.506180061284347e+60,-2.3016088303848865e+57,9.461006138769718e+59,0.2749542231755868,0.2290336973960277,0.5080388384903984,0.5274153655033971,0.5294391447977915,0.036489588644934,3.082119912862465,2.593117862897653,-2.593117862897653,0.050001984264901,0.5129355239742568,0.4244540160886222,0.8551790816033162,1.0039706025960211,1.2186616262623833,True,3.352982281378121,2.919662962561895,0.0009946059540353,0.0009946059540353,2.0296153399764805,1.0335167335272586,2.953481760662052,1.0335167335272586,2.0296153399764805,0.0009946059540353,0.0009946059540353,2.0296153399764805,1.0335167335272586,2.953481760662052,1.0335167335272586,2.0296153399764805,0.1088381698919388,-0.1088381701726334,0.3462649472370818,-0.3462649472370818
258,stage3b,0.2701603339842542,0.2298233929260721,0.4251213998344647,0.4985583269208933,0.5168612163281632,1.5144139084112678e+59,5.306546105790359e+58,7.212412002283396e+59,-3.637006252190781e+56,1.5144095411000992e+59,0.2985405447492126,0.2547364807623495,0.4867736829213402,0.5646974194811663,0.6062040490504618,0.035705223110263,3.115231095461326,2.648797529953577,-2.648797529953577,0.048838534876649,0.534018237658165,0.4361561709327672,0.8707848517137089,1.072979562844154,1.3694260868541104,True,3.391592825961375,2.973272083005749,0.0010748680275449,0.0010748680275449,1.935613749785798,1.0285591479801235,2.793169360321788,1.0285591479801235,1.935613749785798,0.0010748680275449,0.0010748680275449,1.935613749785798,1.0285591479801235,2.793169360321788,1.0285591479801235,1.935613749785798,0.1108569639547082,-0.1108569678229626,0.3136485934182414,-0.3136485934182414
259,stage3b,0.2888117033244842,0.2452950545616599,0.4622889676661801,0.5880353993940688,0.6181384515402231,1.739961636570493e+59,6.09687412582468e+58,8.287130637745342e+59,-4.224271818967886e+56,1.7399565087279242e+59,0.315156836223089,0.2713701874823682,0.5054855755883372,0.547428047084089,0.5702159069444256,0.0346008981159792,3.2613581258751423,2.801405879717372,-2.801405879717372,0.0472259888634977,0.5259499503492925,0.4323133471143759,0.894165828868239,1.074670279918427,1.34087231242085,True,3.543353153443934,3.123427217174753,0.0009478500240064,0.0009478500240064,2.091611738182088,1.036989560904438,3.058911749272883,1.036989560904438,2.091611738182088,0.0009478500240064,0.0009478500240064,2.091611738182088,1.036989560904438,3.058911749272883,1.036989560904438,2.091611738182088,0.1112867649607006,-0.111286780149572,0.3674490290637136,-0.3674490290637136
260,stage3b,0.2757674699010872,0.2389287634689158,0.4375287631241631,0.493242682655598,0.5113682615185564,3.540745636878786e+59,1.2406861039183626e+59,1.6861951990619045e+60,-8.429348604618183e+56,3.540735603113888e+59,0.3293720605990338,0.2785064260518203,0.551122588987,0.6097327727783782,0.6254168214973541,0.0341414943355884,3.302840209906396,2.8126332146648227,-2.8126332146648227,0.0471907939397197,0.5644373669660294,0.4648261020131779,0.9197443434823938,1.1020722063351374,1.3707163666307611,True,3.579114047659227,3.1478727855163,0.0008855062100158,0.0008855062100158,2.184255530749125,1.042475026048303,3.216108172400734,1.042475026048303,2.184255530749125,0.0008855062100158,0.0008855062100158,2.184255530749125,1.042475026048303,3.216108172400734,1.042475026048303,2.184255530749125,0.1100968204444783,-0.1100968205764401,0.3985868836683292,-0.3985868836683292
261,stage3b,0.2814469072138302,0.2443001331987436,0.4546572002160932,0.4723570022153874,0.4882048955032465,2.77515992899453e+59,9.724226563907956e+58,1.3215463038499833e+60,-6.55896343940304e+56,2.775152178078803e+59,0.3364227573162596,0.2841999757103641,0.5698019869727933,0.6299078909926253,0.6387456506946931,0.0337630467440995,3.3655156664242707,2.883566090112987,-2.883566090112987,0.0464466946678485,0.5649689482320097,0.4654913381055327,0.932262550738194,1.110761183347322,1.3694883871808,True,3.638256878525724,3.213791663632451,0.0009773113304489,0.0009773113304489,2.0518977548471207,1.0347446659819264,2.99139047131792,1.0347446659819264,2.0518977548471207,0.0009773113304489,0.0009773113304489,2.0518977548471207,1.0347446659819264,2.99139047131792,1.0347446659819264,2.0518977548471207,0.1101848145617276,-0.110184809811229,0.3539112510346937,-0.3539112510346937
262,stage3b,0.2779371698562835,0.2405856288643857,0.4505357846007871,0.4878013509932585,0.5100096583239295,3.3337056336053432e+59,1.1681383965630093e+59,1.58752672948574e+60,-7.877625506712118e+56,3.3336963260843635e+59,0.3386498006511633,0.2860531536842619,0.5693143056682537,0.5828001766184913,0.592652355620058,0.033347480545429,3.3784195989937675,2.892982473960976,-2.892982473960976,0.0461821957422669,0.5714248591110561,0.4723975031135131,0.932338574025732,1.1077767148718671,1.3610066163036656,True,3.652366703657947,3.230139231060574,0.0009809560903231,0.0009809560903231,2.0471052090010584,1.0344806940778215,2.9832487527577567,1.0344806940778215,2.0471052090010584,0.0009809560903231,0.0009809560903231,2.0471052090010584,1.0344806940778215,2.9832487527577567,1.0344806940778215,2.0471052090010584,0.1099088583060918,-0.1099088724152961,0.3522681515590186,-0.3522681515590186
263,stage3b,0.277639148727929,0.2397161682887231,0.4465156985429603,0.4946446766934247,0.5163292419258239,3.143458655937629e+59,1.1014755058897173e+59,1.4969496799912448e+60,-7.444316481741222e+56,3.1434498411365383e+59,0.3310816757017318,0.2799059216709052,0.5610881531177792,0.6096022790647062,0.6102831925863198,0.0334871598188804,3.3405701234117013,2.855427548918945,-2.855427548918945,0.0463964984976314,0.568182507227393,0.4692221502332062,0.926729310498304,1.1051016575552954,1.365355616523286,True,3.616362553059572,3.1930988810437424,0.0009341448522106,0.0009341448522106,2.11092254723767,1.0381048557818806,3.091715100944232,1.0381048557818806,2.11092254723767,0.0009341448522106,0.0009341448522106,2.11092254723767,1.0381048557818806,3.091715100944232,1.0381048557818806,2.11092254723767,0.1100531242651155,-0.1100531258729913,0.3739907318140171,-0.3739907318140171
264,stage3b,0.2742423595795411,0.2368538648129982,0.4449446243655499,0.483816523013193,0.5042573275258554,3.4059229004843334e+59,1.1934438144325568e+59,1.6219767102941117e+60,-8.097963245861549e+56,3.4059132735633296e+59,0.3373986128051384,0.2836417421281073,0.5591610208571143,0.6343477411968829,0.7300715470532948,0.0334806750745986,3.356506967893461,2.8749023443729027,-2.8749023443729027,0.0462735745046353,0.5675476955907629,0.4690778936902992,0.9248121246810288,1.1027116689358951,1.360794345882829,True,3.629516478574754,3.209990702511152,0.0009740598101891,0.0009740598101891,2.0561441836770684,1.0349827788231232,2.998620262515549,1.0349827788231232,2.0561441836770684,0.0009740598101891,0.0009740598101891,2.0561441836770684,1.0349827788231232,2.998620262515549,1.0349827788231232,2.0561441836770684,0.1100830013594703,-0.1100830012143593,0.3553631967137522,-0.3553631967137522
265,stage3b,0.2627674106865736,0.2216269576882511,0.4598812293526249,0.4821494822151123,0.4887641516308632,7.30401440361239e+59,2.559348366196541e+59,3.479030536196185e+60,-1.7947119869999706e+57,7.30399235412152e+59,0.2993829922421577,0.2481212824674663,0.5406446583439135,0.6155071600948588,0.7206521496894025,0.0334449415623686,3.3725309952094835,2.9114902192960352,-2.9114902192960352,0.0460462971177893,0.536853187970307,0.4416942387839582,0.8986956952323224,1.0655918921949474,1.3091290593825675,True,3.6398897226216,3.242487491027952,0.0009413649579248,0.0009413649579248,2.1006828932807324,1.037511413641382,3.0743225473090727,1.037511413641382,2.1006828932807324,0.0009413649579248,0.0009413649579248,2.1006828932807324,1.037511413641382,3.0743225473090727,1.037511413641382,2.1006828932807324,0.1098334764794734,-0.1098334685610287,0.3705254437344939,-0.3705254437344939
266,stage3b,0.2685432411847195,0.2325154228161705,0.4326391686790545,0.4756150884492612,0.4964609386290564,3.107387426066086e+59,1.0888360841655933e+59,1.4797765325668717e+60,-7.362592985513652e+56,3.1073787036500957e+59,0.3300137138630904,0.2785150711986842,0.5414071515009042,0.5831575912698854,0.6379031199412122,0.033191678940507,3.3612165112895336,2.885084851980235,-2.885084851980235,0.0459526240929322,0.5645156478897447,0.4682080880525119,0.9059164999990834,1.0887825065260484,1.3549727432221197,True,3.6353093151289135,3.2218793868678537,0.0011562660700098,0.0011562660700098,1.8535494292179924,1.0245375103901602,2.652646951408117,1.0245375103901602,1.8535494292179924,0.0011562660700098,0.0011562660700098,1.8535494292179924,1.0245375103901602,2.652646951408117,1.0245375103901602,1.8535494292179924,0.1100011256539864,-0.1100011191079429,0.2847337753202201,-0.2847337753202201
267,stage3b,0.2701620703211681,0.2342138229469947,0.4341252681952599,0.4877960965206314,0.5053558213891487,2.255132884244662e+59,7.902034916659039e+58,1.0738229657366353e+60,-5.2601630137548705e+56,2.2551267494947414e+59,0.3312299370984701,0.2796354628797041,0.5421624098775184,0.5904627106917673,0.629789363783769,0.0329842845409421,3.397859951013924,2.927652852570811,-2.927652852570811,0.0454699382628148,0.5677859261464612,0.4713609197506842,0.9019136175149028,1.0873762441156805,1.3601323783635628,True,3.6670096523485847,3.259981972164513,0.0011017702524329,0.0011017702524329,1.9072151264387776,1.0271311408018229,2.744590460948781,1.0271311408018229,1.9072151264387776,0.0011017702524329,0.0011017702524329,1.9072151264387776,1.0271311408018229,2.744590460948781,1.0271311408018229,1.9072151264387776,0.1100825100607422,-0.1100825099474408,0.3036878011919416,-0.3036878011919416
268,stage3b,0.2736283779476227,0.2357380121761686,0.4299689921114256,0.5048625295409244,0.5224769368603022,1.067956057008663e+59,3.742126417418157e+58,5.082619356142019e+59,-2.2699946008961494e+56,1.0679536445117843e+59,0.3359271540892215,0.2826722029559105,0.5400800666304226,0.637648324353043,0.6530871843609827,0.0328707218608452,3.4149801448405217,2.947264215672217,-2.947264215672217,0.0452745208138326,0.5764924921273951,0.4798578058409068,0.9000680644530425,1.0920395717520728,1.377243941712054,True,3.682834398285379,3.278690601203573,0.0008123419266014,0.0008123419266014,2.310843082166652,1.0505188406745072,3.430308285692476,1.0505188406745072,2.310843082166652,0.0008123419266014,0.0008123419266014,2.310843082166652,1.0505188406745072,3.430308285692476,1.0505188406745072,2.310843082166652,0.1100348841400643,-0.1100348830436169,0.440097801182608,-0.440097801182608
271,stage3b,0.1530178052856296,0.1161213462119209,0.3215803654078195,0.3960357380743355,0.404073472752116,8.916942259309659e+59,3.1245353805683465e+59,4.24982194034041e+60,-2.4020340245499042e+57,8.916909906414721e+59,0.2282029098154828,0.1738550641205736,0.5082174116551319,0.5514773382549512,0.5538679893648446,0.0269450256446648,6.266686551326883,6.113829294954643,-6.113829294954643,0.0356744198457612,0.7239830915467653,0.5291421437260883,1.5204825493634488,1.6324200107452076,1.7452484168713482,True,6.499085947864154,6.402565027938826,0.000890530002758,0.000890530002758,2.176342019137157,1.0419915795057526,3.202688615824442,1.0419915795057526,2.176342019137157,0.000890530002758,0.000890530002758,2.176342019137157,1.0419915795057526,3.202688615824442,1.0419915795057526,2.176342019137157,0.1161096993548142,-0.1161094228733046,0.3959531871299477,-0.3959531871299477
272,stage3b,1.2684241350197225,0.945924350135446,2.5889202890572216,2.975220128099771,3.1725651105884327,8.91694235418274e+59,3.1245354140663766e+59,4.249822037898781e+60,-2.4020384230749125e+57,8.916910001169658e+59,1.1812830987253853,0.8517038522529915,2.651550513062657,2.9151810274419194,3.085696019035642,0.0380009569842298,3.773297711892113,3.4791724147357006,-3.4791724147357006,0.0306889146293089,1.3272781593714271,0.938594155199076,2.798569859790569,3.109656692260777,3.176626021772378,True,3.684035278676288,3.265045505882882,0.0011080264450807,0.0011080264450807,1.900761373661639,1.0268142089463117,2.7335542386508163,1.0268142089463117,1.900761373661639,0.0011080264450807,0.0011080264450807,1.900761373661639,1.0268142089463117,2.7335542386508163,1.0268142089463117,1.900761373661639,0.1109890471980552,-0.1109890470707972,0.3014161075410903,-0.3014161075410903
